id_appuntamento,id_cliente,id_servizio,data,ora,stato,prezzo_pagato,metodo_pagamento
1,54,5,2024-08-01,10:15:00,Completato,12.0,Contanti
2,3,5,2024-08-02,16:30:00,Completato,12.0,Contanti
3,50,3,2024-08-02,18:45:00,Completato,12.0,Carta
4,86,2,2024-08-03,09:00:00,Completato,26.0,Contanti
5,5,1,2024-08-03,12:45:00,Completato,18.0,Contanti
6,43,3,2024-08-03,19:30:00,Cancellato,0.0,
7,45,2,2024-08-06,12:30:00,Completato,26.0,Carta
8,23,1,2024-08-06,16:30:00,Completato,16.2,Carta
9,80,2,2024-08-07,17:15:00,Completato,26.0,Contanti
10,47,2,2024-08-07,17:45:00,Completato,26.0,Contanti
11,26,2,2024-08-08,09:45:00,Completato,26.0,Carta
12,57,2,2024-08-08,10:00:00,Completato,26.0,Carta
13,70,3,2024-08-08,10:00:00,Completato,12.0,Contanti
14,65,1,2024-08-09,10:45:00,Completato,18.0,Carta
15,10,6,2024-08-09,12:00:00,No-show,0.0,
16,15,2,2024-08-09,17:30:00,Cancellato,0.0,
17,74,1,2024-08-09,17:45:00,Completato,18.0,Carta
18,52,6,2024-08-10,11:30:00,Completato,10.0,Contanti
19,4,1,2024-08-10,16:30:00,Completato,18.0,Carta
20,55,2,2024-08-13,10:45:00,Completato,26.0,Contanti
21,48,1,2024-08-14,15:00:00,Completato,18.0,Contanti
22,39,2,2024-08-14,17:30:00,Completato,26.0,Carta
23,59,1,2024-08-15,09:30:00,Completato,18.0,Carta
24,32,5,2024-08-15,10:00:00,Completato,12.0,Carta
25,14,8,2024-08-15,12:45:00,Completato,22.0,Satispay
26,41,1,2024-08-16,11:00:00,Completato,18.0,Carta
27,56,1,2024-08-16,16:30:00,Completato,18.0,Carta
28,84,1,2024-08-16,17:45:00,Completato,18.0,Carta
29,72,1,2024-08-16,18:45:00,Completato,18.0,Satispay
30,27,2,2024-08-17,09:30:00,Completato,26.0,Contanti
31,35,1,2024-08-17,10:00:00,Completato,18.0,Contanti
32,66,1,2024-08-17,10:45:00,Completato,18.0,Carta
33,8,5,2024-08-17,11:00:00,Completato,12.0,Carta
34,78,1,2024-08-20,10:45:00,Completato,18.0,Contanti
35,19,2,2024-08-20,11:15:00,Completato,26.0,Carta
36,18,5,2024-08-21,12:30:00,Completato,12.0,Contanti
37,89,1,2024-08-21,12:30:00,Cancellato,0.0,
38,31,1,2024-08-22,12:00:00,Cancellato,0.0,
39,62,1,2024-08-22,16:30:00,Completato,18.0,Satispay
40,9,1,2024-08-22,18:00:00,Completato,18.0,Contanti
41,12,4,2024-08-22,18:45:00,Completato,15.0,Carta
42,58,5,2024-08-23,09:15:00,Completato,12.0,Contanti
43,68,1,2024-08-23,11:00:00,Completato,18.0,Carta
44,22,5,2024-08-23,11:45:00,Completato,9.6,Contanti
45,7,8,2024-08-24,09:15:00,Completato,22.0,Satispay
46,81,5,2024-08-24,11:00:00,Completato,12.0,Contanti
47,51,6,2024-08-24,17:15:00,Completato,10.0,Carta
48,75,6,2024-08-24,18:15:00,Completato,10.0,Carta
49,53,1,2024-08-24,19:45:00,Completato,18.0,Contanti
50,26,2,2024-08-27,10:00:00,Completato,23.4,Satispay
51,30,2,2024-08-27,11:30:00,Completato,26.0,Contanti
52,6,2,2024-08-27,11:45:00,Completato,26.0,Contanti
53,32,5,2024-08-27,15:30:00,Completato,12.0,Contanti
54,85,1,2024-08-27,15:30:00,Completato,18.0,Contanti
55,90,1,2024-08-27,18:45:00,Completato,18.0,Contanti
56,29,2,2024-08-28,11:00:00,Completato,26.0,Contanti
57,82,1,2024-08-28,18:45:00,Completato,18.0,Carta
58,57,2,2024-08-28,19:15:00,Completato,26.0,Carta
59,23,1,2024-08-29,18:15:00,Completato,18.0,Contanti
60,77,1,2024-08-29,18:30:00,Cancellato,0.0,
61,67,5,2024-08-30,11:45:00,Completato,10.8,Contanti
62,69,1,2024-08-30,15:45:00,Completato,18.0,Contanti
63,66,1,2024-08-30,17:30:00,Completato,18.0,Carta
64,80,2,2024-08-30,19:15:00,Completato,26.0,Carta
65,27,1,2024-08-31,10:00:00,Completato,18.0,Carta
66,47,2,2024-08-31,10:30:00,Completato,26.0,Contanti
67,3,5,2024-08-31,11:30:00,Completato,12.0,Carta
68,50,3,2024-08-31,11:30:00,Cancellato,0.0,
69,28,2,2024-08-31,12:45:00,Completato,23.4,Carta
70,73,2,2024-08-31,18:15:00,Completato,26.0,Contanti
71,45,2,2024-09-03,09:45:00,Completato,26.0,Contanti
72,34,8,2024-09-03,10:30:00,Completato,19.8,Contanti
73,64,1,2024-09-04,10:30:00,Completato,18.0,Contanti
74,17,3,2024-09-04,11:00:00,Completato,12.0,Carta
75,71,2,2024-09-04,12:30:00,Completato,26.0,Contanti
76,40,4,2024-09-04,12:45:00,Completato,15.0,Satispay
77,18,5,2024-09-04,15:30:00,Completato,12.0,Satispay
78,24,3,2024-09-04,18:15:00,Completato,12.0,Carta
79,33,1,2024-09-04,18:30:00,Completato,18.0,Carta
80,38,5,2024-09-04,19:00:00,Completato,12.0,Carta
81,52,6,2024-09-05,09:00:00,Completato,9.0,Contanti
82,39,1,2024-09-05,16:15:00,Completato,18.0,Contanti
83,63,7,2024-09-06,09:00:00,Completato,35.0,Carta
84,21,5,2024-09-06,16:15:00,Completato,12.0,Contanti
85,88,2,2024-09-06,16:30:00,Completato,26.0,Carta
86,2,2,2024-09-06,17:45:00,Completato,26.0,Carta
87,37,6,2024-09-06,19:45:00,Completato,10.0,Contanti
88,44,3,2024-09-07,15:45:00,Completato,12.0,Contanti
89,87,4,2024-09-07,18:45:00,Completato,15.0,Satispay
90,36,1,2024-09-07,19:30:00,Completato,18.0,Contanti
91,76,1,2024-09-10,12:45:00,Completato,18.0,Carta
92,54,5,2024-09-10,17:30:00,Completato,12.0,Carta
93,22,2,2024-09-11,15:15:00,Completato,26.0,Carta
94,86,2,2024-09-11,16:15:00,Completato,26.0,Contanti
95,83,2,2024-09-11,18:15:00,Completato,26.0,Satispay
96,11,5,2024-09-11,19:00:00,Completato,12.0,Carta
97,16,2,2024-09-12,12:45:00,Completato,26.0,Carta
98,19,1,2024-09-12,18:15:00,Completato,18.0,Contanti
99,32,5,2024-09-12,18:15:00,Completato,12.0,Satispay
100,42,6,2024-09-12,18:15:00,Completato,10.0,Contanti
101,79,2,2024-09-12,18:15:00,Completato,26.0,Carta
102,60,2,2024-09-12,19:30:00,Completato,26.0,Satispay
103,49,2,2024-09-13,09:00:00,Completato,26.0,Carta
104,89,1,2024-09-13,10:00:00,Cancellato,0.0,
105,20,1,2024-09-13,10:30:00,Completato,18.0,Contanti
106,84,2,2024-09-13,15:45:00,Completato,26.0,Carta
107,1,3,2024-09-13,19:00:00,Completato,12.0,Carta
108,5,1,2024-09-14,09:00:00,Completato,18.0,Satispay
109,4,1,2024-09-14,10:30:00,Completato,18.0,Carta
110,61,2,2024-09-14,10:45:00,Completato,26.0,Contanti
111,13,2,2024-09-14,15:15:00,Completato,26.0,Satispay
112,9,2,2024-09-14,17:00:00,Completato,20.8,Satispay
113,39,2,2024-09-14,18:15:00,Completato,26.0,Contanti
114,46,5,2024-09-14,18:30:00,Completato,12.0,Contanti
115,31,1,2024-09-17,09:30:00,Completato,18.0,Contanti
116,72,1,2024-09-17,18:30:00,Completato,18.0,Carta
117,25,1,2024-09-18,10:30:00,Completato,18.0,Satispay
118,70,3,2024-09-18,11:45:00,Completato,12.0,Contanti
119,12,1,2024-09-18,18:30:00,Completato,16.2,Carta
120,80,2,2024-09-19,11:15:00,Completato,26.0,Carta
121,6,1,2024-09-19,15:15:00,Completato,18.0,Contanti
122,57,2,2024-09-19,15:30:00,Completato,26.0,Satispay
123,85,1,2024-09-19,16:30:00,Completato,18.0,Contanti
124,3,5,2024-09-19,19:15:00,Completato,12.0,Contanti
125,76,1,2024-09-20,11:00:00,Completato,18.0,Contanti
126,48,1,2024-09-20,17:15:00,Completato,18.0,Contanti
127,38,3,2024-09-20,19:15:00,Completato,9.6,Carta
128,90,4,2024-09-21,15:15:00,Completato,15.0,Carta
129,26,2,2024-09-21,16:15:00,Completato,26.0,Carta
130,50,5,2024-09-21,16:15:00,Completato,12.0,Carta
131,8,1,2024-09-21,17:15:00,Cancellato,0.0,
132,22,2,2024-09-21,17:30:00,Completato,26.0,Contanti
133,7,8,2024-09-21,18:00:00,Completato,22.0,Contanti
134,23,1,2024-09-21,18:30:00,Completato,18.0,Carta
135,69,1,2024-09-25,09:30:00,Completato,18.0,Carta
136,21,5,2024-09-25,11:30:00,Completato,12.0,Contanti
137,15,2,2024-09-25,18:30:00,Completato,26.0,Contanti
138,55,7,2024-09-25,18:45:00,Completato,35.0,Carta
139,41,1,2024-09-26,09:45:00,Completato,14.4,Carta
140,92,1,2024-09-26,10:30:00,Completato,18.0,Carta
141,47,2,2024-09-26,10:45:00,Completato,26.0,Carta
142,91,1,2024-09-26,11:30:00,Completato,18.0,Carta
143,5,1,2024-09-26,12:15:00,Completato,18.0,Contanti
144,66,1,2024-09-27,19:00:00,Completato,18.0,Satispay
145,82,1,2024-09-28,09:30:00,Completato,18.0,Contanti
146,13,2,2024-09-28,11:15:00,Completato,26.0,Satispay
147,34,8,2024-09-28,17:15:00,Completato,22.0,Contanti
148,63,1,2024-09-28,17:15:00,Completato,18.0,Carta
149,45,2,2024-09-28,18:00:00,Completato,26.0,Carta
150,36,1,2024-09-28,18:15:00,Completato,18.0,Carta
151,83,2,2024-09-28,19:00:00,Completato,26.0,Carta
152,62,6,2024-10-01,17:00:00,Completato,10.0,Satispay
153,39,2,2024-10-02,09:15:00,Completato,26.0,Contanti
154,27,1,2024-10-02,11:30:00,Completato,18.0,Contanti
155,84,3,2024-10-02,12:45:00,Cancellato,0.0,
156,51,6,2024-10-02,18:15:00,Completato,10.0,Contanti
157,52,6,2024-10-02,19:15:00,Cancellato,0.0,
158,18,4,2024-10-02,19:45:00,Completato,15.0,Carta
159,64,2,2024-10-03,12:45:00,Completato,26.0,Contanti
160,74,2,2024-10-03,16:15:00,Completato,26.0,Contanti
161,78,1,2024-10-03,17:45:00,Completato,18.0,Contanti
162,44,3,2024-10-03,19:00:00,No-show,0.0,
163,32,5,2024-10-04,11:45:00,Completato,12.0,Satispay
164,95,2,2024-10-04,16:15:00,Completato,26.0,Contanti
165,65,1,2024-10-05,09:00:00,Completato,18.0,Contanti
166,73,2,2024-10-05,15:30:00,Completato,23.4,Contanti
167,38,3,2024-10-05,16:30:00,Completato,10.8,Contanti
168,80,2,2024-10-08,10:30:00,Completato,26.0,Carta
169,1,1,2024-10-08,17:00:00,Completato,18.0,Carta
170,40,1,2024-10-08,18:30:00,Completato,18.0,Contanti
171,23,1,2024-10-09,17:00:00,Completato,18.0,Contanti
172,16,2,2024-10-10,10:15:00,Completato,26.0,Carta
173,19,6,2024-10-10,11:30:00,Completato,10.0,Contanti
174,59,3,2024-10-10,15:30:00,Completato,9.6,Satispay
175,28,1,2024-10-10,18:30:00,Completato,18.0,Carta
176,58,5,2024-10-10,18:30:00,Completato,12.0,Satispay
177,57,2,2024-10-10,18:45:00,Completato,26.0,Contanti
178,26,1,2024-10-11,09:00:00,Completato,18.0,Satispay
179,52,6,2024-10-11,10:45:00,Completato,9.0,Satispay
180,81,5,2024-10-11,11:15:00,Completato,12.0,Carta
181,56,6,2024-10-11,11:30:00,Completato,10.0,Contanti
182,48,1,2024-10-11,12:00:00,Completato,18.0,Contanti
183,7,8,2024-10-11,12:30:00,Cancellato,0.0,
184,30,2,2024-10-11,17:00:00,Completato,26.0,Contanti
185,36,1,2024-10-11,17:45:00,Completato,18.0,Carta
186,62,6,2024-10-11,18:00:00,Completato,10.0,Carta
187,89,1,2024-10-11,19:00:00,Completato,18.0,Contanti
188,6,2,2024-10-12,09:45:00,No-show,0.0,
189,50,3,2024-10-12,10:45:00,Completato,12.0,Carta
190,69,1,2024-10-12,12:15:00,Completato,18.0,Carta
191,71,2,2024-10-12,15:30:00,Completato,26.0,Contanti
192,63,1,2024-10-12,18:45:00,Completato,18.0,Carta
193,4,1,2024-10-12,19:15:00,Completato,18.0,Carta
194,93,1,2024-10-12,19:15:00,Completato,18.0,Contanti
195,42,6,2024-10-15,11:45:00,Completato,10.0,Satispay
196,98,3,2024-10-15,18:00:00,Completato,12.0,Carta
197,97,1,2024-10-15,18:45:00,Completato,16.2,Contanti
198,70,3,2024-10-16,18:45:00,Completato,12.0,Contanti
199,68,1,2024-10-17,10:15:00,Completato,18.0,Carta
200,96,1,2024-10-17,10:15:00,Completato,18.0,Contanti
201,25,1,2024-10-17,17:45:00,Completato,18.0,Contanti
202,54,6,2024-10-17,18:30:00,Completato,10.0,Satispay
203,27,1,2024-10-19,09:45:00,Completato,16.2,Contanti
204,49,2,2024-10-19,11:45:00,Completato,26.0,Contanti
205,95,2,2024-10-19,11:45:00,Completato,26.0,Satispay
206,76,2,2024-10-19,16:00:00,Completato,26.0,Satispay
207,13,2,2024-10-19,16:15:00,Completato,23.4,Contanti
208,31,1,2024-10-19,16:30:00,Completato,16.2,Contanti
209,22,2,2024-10-19,17:00:00,Completato,26.0,Contanti
210,34,1,2024-10-19,17:30:00,Completato,18.0,Carta
211,79,2,2024-10-19,19:45:00,Completato,26.0,Carta
212,37,6,2024-10-22,11:30:00,Completato,10.0,Carta
213,9,2,2024-10-22,12:00:00,Completato,26.0,Contanti
214,32,5,2024-10-22,17:30:00,Completato,12.0,Carta
215,55,7,2024-10-23,17:45:00,Completato,35.0,Carta
216,91,1,2024-10-23,19:30:00,Completato,18.0,Satispay
217,87,4,2024-10-24,18:45:00,Completato,15.0,Carta
218,18,5,2024-10-25,09:15:00,Completato,12.0,Carta
219,83,2,2024-10-25,15:30:00,Completato,26.0,Carta
220,84,1,2024-10-25,18:00:00,Completato,18.0,Carta
221,94,2,2024-10-26,10:15:00,Completato,26.0,Contanti
222,46,5,2024-10-26,12:30:00,Completato,12.0,Carta
223,66,2,2024-10-26,15:30:00,Completato,26.0,Carta
224,21,1,2024-10-26,16:00:00,Completato,18.0,Carta
225,24,3,2024-10-26,16:45:00,Completato,10.8,Carta
226,5,1,2024-10-26,18:00:00,Completato,18.0,Contanti
227,41,1,2024-10-26,19:30:00,Completato,18.0,Carta
228,64,2,2024-10-29,09:15:00,Completato,26.0,Contanti
229,20,7,2024-10-29,10:00:00,Completato,35.0,Contanti
230,47,3,2024-10-30,10:45:00,Completato,12.0,Carta
231,45,2,2024-10-30,17:45:00,Cancellato,0.0,
232,63,1,2024-10-31,18:30:00,Cancellato,0.0,
233,39,2,2024-10-31,19:45:00,Completato,26.0,Satispay
234,61,2,2024-11-01,09:45:00,Completato,26.0,Satispay
235,89,1,2024-11-01,10:00:00,Completato,18.0,Carta
236,86,2,2024-11-01,11:00:00,Completato,26.0,Satispay
237,33,1,2024-11-01,11:45:00,No-show,0.0,
238,92,1,2024-11-01,12:00:00,Completato,16.2,Satispay
239,67,3,2024-11-01,15:30:00,Completato,12.0,Carta
240,72,6,2024-11-01,16:15:00,Completato,10.0,Carta
241,90,1,2024-11-01,17:00:00,Completato,18.0,Carta
242,31,1,2024-11-01,18:30:00,Completato,18.0,Contanti
243,62,6,2024-11-01,19:30:00,Completato,10.0,Contanti
244,38,3,2024-11-02,12:00:00,Completato,12.0,Carta
245,7,8,2024-11-02,15:00:00,Completato,22.0,Contanti
246,40,1,2024-11-02,18:00:00,Completato,18.0,Contanti
247,19,1,2024-11-05,11:00:00,Completato,18.0,Contanti
248,53,1,2024-11-05,11:15:00,Completato,18.0,Carta
249,76,1,2024-11-06,09:30:00,Cancellato,0.0,
250,11,5,2024-11-06,10:00:00,Completato,12.0,Satispay
251,82,1,2024-11-06,10:00:00,Completato,18.0,Carta
252,44,3,2024-11-06,15:15:00,Completato,12.0,Carta
253,52,6,2024-11-07,17:45:00,Completato,10.0,Carta
254,50,3,2024-11-08,10:15:00,No-show,0.0,
255,12,3,2024-11-08,11:00:00,Completato,12.0,Satispay
256,6,2,2024-11-08,11:15:00,Completato,26.0,Contanti
257,22,1,2024-11-08,16:15:00,Completato,18.0,Contanti
258,23,1,2024-11-08,17:15:00,Completato,18.0,Carta
259,95,2,2024-11-08,19:45:00,Completato,23.4,Carta
260,21,5,2024-11-09,12:45:00,Completato,10.8,Contanti
261,49,2,2024-11-09,12:45:00,Completato,26.0,Contanti
262,104,4,2024-11-09,17:00:00,Completato,15.0,Carta
263,26,2,2024-11-09,17:15:00,Completato,26.0,Contanti
264,80,2,2024-11-09,19:30:00,Completato,26.0,Contanti
265,73,2,2024-11-12,17:30:00,Completato,26.0,Contanti
266,30,2,2024-11-12,18:00:00,Completato,26.0,Satispay
267,42,6,2024-11-13,12:45:00,Cancellato,0.0,
268,105,1,2024-11-13,16:15:00,Completato,18.0,Carta
269,57,2,2024-11-13,18:15:00,Cancellato,0.0,
270,18,2,2024-11-14,11:00:00,Completato,26.0,Contanti
271,66,1,2024-11-14,11:30:00,Completato,18.0,Contanti
272,96,1,2024-11-14,16:30:00,Completato,18.0,Satispay
273,46,5,2024-11-15,10:30:00,Completato,12.0,Carta
274,69,1,2024-11-15,12:15:00,Completato,18.0,Contanti
275,103,3,2024-11-15,16:00:00,Completato,9.6,Carta
276,28,1,2024-11-15,17:00:00,Completato,18.0,Carta
277,27,1,2024-11-15,17:30:00,Completato,18.0,Contanti
278,55,6,2024-11-15,18:15:00,Completato,10.0,Contanti
279,70,3,2024-11-15,18:15:00,Completato,12.0,Satispay
280,97,1,2024-11-16,10:30:00,Completato,18.0,Carta
281,87,1,2024-11-16,11:45:00,Completato,18.0,Contanti
282,102,5,2024-11-16,15:30:00,Completato,12.0,Carta
283,89,1,2024-11-16,15:45:00,Completato,18.0,Contanti
284,88,2,2024-11-16,16:00:00,Completato,26.0,Satispay
285,36,1,2024-11-16,16:15:00,Completato,18.0,Contanti
286,100,7,2024-11-16,16:30:00,Completato,35.0,Contanti
287,8,4,2024-11-16,17:15:00,Completato,15.0,Carta
288,16,2,2024-11-16,18:15:00,Completato,26.0,Carta
289,25,1,2024-11-16,18:15:00,Completato,18.0,Contanti
290,26,2,2024-11-19,10:45:00,Completato,26.0,Carta
291,3,5,2024-11-19,15:00:00,Completato,12.0,Carta
292,106,1,2024-11-19,16:45:00,Completato,18.0,Contanti
293,48,1,2024-11-19,17:15:00,No-show,0.0,
294,63,1,2024-11-19,17:30:00,Cancellato,0.0,
295,84,1,2024-11-20,11:45:00,Completato,18.0,Contanti
296,54,5,2024-11-20,15:30:00,Completato,12.0,Carta
297,37,6,2024-11-21,09:00:00,Completato,10.0,Contanti
298,71,2,2024-11-21,09:45:00,Cancellato,0.0,
299,74,2,2024-11-21,11:45:00,Completato,26.0,Contanti
300,13,2,2024-11-21,16:30:00,No-show,0.0,
301,99,1,2024-11-22,11:15:00,Completato,18.0,Contanti
302,58,5,2024-11-22,16:30:00,Completato,12.0,Contanti
303,32,1,2024-11-22,17:15:00,Completato,18.0,Contanti
304,101,2,2024-11-22,17:30:00,Completato,26.0,Carta
305,34,8,2024-11-22,17:45:00,Completato,22.0,Carta
306,4,1,2024-11-22,18:45:00,Completato,18.0,Carta
307,52,6,2024-11-23,11:00:00,No-show,0.0,
308,83,2,2024-11-23,16:45:00,Completato,26.0,Carta
309,45,2,2024-11-23,17:15:00,Completato,26.0,Carta
310,56,6,2024-11-23,19:00:00,Completato,10.0,Contanti
311,19,1,2024-11-26,09:00:00,Completato,18.0,Contanti
312,93,1,2024-11-26,09:15:00,Completato,18.0,Carta
313,23,3,2024-11-26,09:45:00,Completato,12.0,Contanti
314,105,1,2024-11-26,17:15:00,Completato,18.0,Satispay
315,62,6,2024-11-26,18:30:00,Completato,10.0,Contanti
316,38,3,2024-11-26,19:15:00,Completato,12.0,Carta
317,51,2,2024-11-26,19:45:00,Completato,26.0,Carta
318,31,1,2024-11-27,10:15:00,Completato,18.0,Contanti
319,50,3,2024-11-28,09:45:00,Completato,12.0,Satispay
320,7,8,2024-11-28,11:00:00,Completato,22.0,Carta
321,59,3,2024-11-28,18:15:00,Completato,12.0,Carta
322,18,5,2024-11-29,10:15:00,Completato,12.0,Carta
323,22,2,2024-11-29,11:45:00,Completato,26.0,Contanti
324,24,3,2024-11-29,15:45:00,Completato,12.0,Carta
325,32,5,2024-11-29,16:45:00,Completato,12.0,Contanti
326,5,1,2024-11-30,10:00:00,Completato,18.0,Contanti
327,76,2,2024-11-30,11:45:00,Completato,26.0,Contanti
328,92,1,2024-11-30,12:00:00,Completato,18.0,Contanti
329,78,1,2024-11-30,16:30:00,Completato,18.0,Contanti
330,65,1,2024-12-03,10:15:00,Completato,18.0,Carta
331,113,5,2024-12-03,11:45:00,Completato,12.0,Carta
332,15,2,2024-12-03,15:00:00,Completato,26.0,Carta
333,79,1,2024-12-03,17:15:00,Completato,18.0,Carta
334,64,5,2024-12-03,17:30:00,Completato,12.0,Contanti
335,9,1,2024-12-04,16:30:00,Completato,18.0,Contanti
336,49,1,2024-12-04,17:00:00,Completato,18.0,Contanti
337,73,2,2024-12-04,17:30:00,Completato,26.0,Carta
338,82,8,2024-12-04,17:45:00,Completato,22.0,Contanti
339,27,2,2024-12-04,18:15:00,Completato,26.0,Carta
340,91,1,2024-12-04,19:00:00,No-show,0.0,
341,6,2,2024-12-05,09:30:00,Completato,26.0,Contanti
342,95,2,2024-12-05,11:00:00,Completato,26.0,Carta
343,98,3,2024-12-05,12:15:00,Completato,12.0,Contanti
344,21,5,2024-12-05,12:30:00,Completato,12.0,Carta
345,108,2,2024-12-05,17:00:00,Completato,26.0,Carta
346,40,1,2024-12-05,17:45:00,Completato,18.0,Carta
347,55,7,2024-12-05,18:00:00,Completato,35.0,Satispay
348,81,1,2024-12-06,09:00:00,Cancellato,0.0,
349,89,1,2024-12-06,11:30:00,Cancellato,0.0,
350,47,2,2024-12-06,11:45:00,Completato,26.0,Carta
351,109,1,2024-12-06,18:30:00,Completato,18.0,Carta
352,61,2,2024-12-06,19:00:00,Completato,26.0,Contanti
353,42,4,2024-12-07,15:00:00,Completato,13.5,Carta
354,16,2,2024-12-07,17:45:00,Completato,26.0,Carta
355,68,1,2024-12-07,17:45:00,Completato,18.0,Contanti
356,72,4,2024-12-10,12:30:00,Completato,15.0,Satispay
357,94,2,2024-12-10,15:15:00,Completato,26.0,Carta
358,99,1,2024-12-10,17:30:00,Completato,18.0,Contanti
359,95,2,2024-12-11,11:15:00,Completato,26.0,Contanti
360,86,2,2024-12-11,11:45:00,Completato,26.0,Carta
361,110,3,2024-12-11,18:30:00,Completato,12.0,Carta
362,34,3,2024-12-11,19:00:00,Completato,12.0,Contanti
363,80,2,2024-12-12,10:45:00,Completato,23.4,Contanti
364,54,5,2024-12-12,17:00:00,Completato,12.0,Contanti
365,23,1,2024-12-13,09:15:00,Completato,18.0,Satispay
366,13,2,2024-12-13,11:15:00,Completato,26.0,Carta
367,117,1,2024-12-14,09:30:00,Cancellato,0.0,
368,66,1,2024-12-14,10:00:00,No-show,0.0,
369,63,2,2024-12-14,12:15:00,Completato,26.0,Contanti
370,69,1,2024-12-14,12:15:00,Completato,18.0,Satispay
371,101,1,2024-12-14,15:00:00,Completato,18.0,Carta
372,28,1,2024-12-14,19:00:00,Completato,18.0,Carta
373,22,2,2024-12-17,15:00:00,Cancellato,0.0,
374,58,5,2024-12-18,09:15:00,Completato,12.0,Contanti
375,107,1,2024-12-18,12:45:00,Completato,18.0,Satispay
376,83,2,2024-12-18,18:00:00,Completato,26.0,Carta
377,26,2,2024-12-19,16:45:00,Completato,26.0,Contanti
378,116,3,2024-12-19,18:15:00,No-show,0.0,
379,106,1,2024-12-19,19:30:00,Completato,18.0,Contanti
380,53,1,2024-12-20,10:00:00,Completato,18.0,Carta
381,111,3,2024-12-20,11:00:00,Cancellato,0.0,
382,36,1,2024-12-20,16:15:00,Completato,18.0,Carta
383,38,3,2024-12-20,16:30:00,Cancellato,0.0,
384,48,1,2024-12-20,18:15:00,Completato,18.0,Contanti
385,32,1,2024-12-21,09:45:00,Completato,18.0,Carta
386,82,1,2024-12-21,10:30:00,Completato,18.0,Contanti
387,4,1,2024-12-21,11:30:00,Completato,18.0,Contanti
388,115,1,2024-12-21,12:00:00,Completato,18.0,Contanti
389,21,5,2024-12-21,17:45:00,Completato,12.0,Satispay
390,19,2,2024-12-21,18:15:00,Completato,26.0,Contanti
391,12,3,2024-12-21,19:00:00,Completato,12.0,Carta
392,44,8,2024-12-21,19:45:00,Completato,22.0,Carta
393,57,2,2024-12-21,19:45:00,Completato,26.0,Carta
394,112,2,2024-12-21,19:45:00,Completato,26.0,Carta
395,114,1,2024-12-24,09:00:00,Completato,18.0,Carta
396,103,1,2024-12-24,12:45:00,Completato,18.0,Contanti
397,105,1,2024-12-24,17:30:00,Completato,14.4,Satispay
398,45,2,2024-12-24,19:15:00,Completato,26.0,Satispay
399,6,2,2024-12-25,17:45:00,Completato,26.0,Carta
400,27,1,2024-12-25,18:00:00,Cancellato,0.0,
401,87,4,2024-12-25,18:15:00,Completato,15.0,Contanti
402,55,1,2024-12-26,09:30:00,No-show,0.0,
403,100,7,2024-12-26,10:30:00,Completato,35.0,Contanti
404,76,1,2024-12-26,17:15:00,Completato,18.0,Carta
405,70,3,2024-12-27,11:30:00,Completato,12.0,Carta
406,46,5,2024-12-27,16:00:00,Completato,12.0,Contanti
407,62,6,2024-12-27,18:15:00,Completato,10.0,Carta
408,69,6,2024-12-27,18:15:00,Completato,10.0,Carta
409,40,1,2024-12-28,11:15:00,Completato,18.0,Contanti
410,86,2,2024-12-28,15:45:00,Completato,26.0,Contanti
411,18,1,2024-12-28,17:15:00,Completato,18.0,Carta
412,93,1,2024-12-28,18:15:00,Completato,18.0,Carta
413,30,2,2024-12-28,19:15:00,Completato,26.0,Carta
414,37,6,2024-12-28,19:30:00,Completato,10.0,Satispay
415,121,2,2025-01-01,12:15:00,Completato,26.0,Satispay
416,7,8,2025-01-01,17:45:00,Completato,22.0,Contanti
417,73,2,2025-01-01,18:00:00,Completato,26.0,Carta
418,92,2,2025-01-01,18:30:00,Completato,26.0,Satispay
419,25,1,2025-01-02,10:45:00,Cancellato,0.0,
420,63,1,2025-01-02,12:45:00,Completato,18.0,Contanti
421,8,1,2025-01-02,16:15:00,Completato,18.0,Contanti
422,74,7,2025-01-02,16:30:00,Completato,35.0,Carta
423,64,2,2025-01-02,16:45:00,Completato,26.0,Contanti
424,27,1,2025-01-02,17:15:00,Completato,16.2,Contanti
425,38,3,2025-01-02,19:45:00,Completato,12.0,Contanti
426,66,3,2025-01-03,12:00:00,Completato,12.0,Satispay
427,11,5,2025-01-03,18:00:00,Completato,12.0,Satispay
428,104,4,2025-01-03,19:45:00,Completato,15.0,Carta
429,84,1,2025-01-04,09:15:00,Completato,18.0,Carta
430,89,1,2025-01-04,10:45:00,Completato,14.4,Contanti
431,20,7,2025-01-04,11:30:00,Completato,35.0,Contanti
432,65,1,2025-01-04,12:15:00,Completato,18.0,Contanti
433,78,1,2025-01-04,12:15:00,No-show,0.0,
434,122,1,2025-01-04,15:30:00,Completato,18.0,Contanti
435,88,2,2025-01-04,16:00:00,Completato,26.0,Contanti
436,5,1,2025-01-04,16:30:00,Completato,18.0,Contanti
437,58,5,2025-01-04,18:00:00,Completato,12.0,Satispay
438,47,1,2025-01-04,18:15:00,Completato,18.0,Contanti
439,26,2,2025-01-07,17:00:00,Cancellato,0.0,
440,3,5,2025-01-07,19:00:00,Completato,12.0,Contanti
441,102,5,2025-01-07,19:00:00,Completato,12.0,Contanti
442,115,1,2025-01-08,11:00:00,Completato,18.0,Contanti
443,34,8,2025-01-08,16:30:00,Completato,22.0,Carta
444,24,3,2025-01-08,17:45:00,Completato,12.0,Contanti
445,50,3,2025-01-08,17:45:00,Completato,12.0,Carta
446,95,5,2025-01-08,18:15:00,Completato,12.0,Carta
447,59,3,2025-01-09,11:15:00,Completato,12.0,Carta
448,101,1,2025-01-09,12:45:00,Completato,18.0,Carta
449,97,1,2025-01-09,16:00:00,Completato,18.0,Carta
450,21,1,2025-01-09,17:45:00,Completato,18.0,Contanti
451,19,1,2025-01-09,18:00:00,Completato,18.0,Contanti
452,99,1,2025-01-09,19:45:00,Completato,18.0,Contanti
453,13,2,2025-01-10,12:30:00,Completato,26.0,Contanti
454,4,1,2025-01-10,12:45:00,Cancellato,0.0,
455,120,2,2025-01-10,17:00:00,Completato,26.0,Contanti
456,56,6,2025-01-11,09:45:00,Completato,10.0,Contanti
457,117,1,2025-01-11,10:00:00,Completato,18.0,Contanti
458,22,4,2025-01-11,11:15:00,Completato,15.0,Contanti
459,96,2,2025-01-11,11:30:00,Completato,26.0,Carta
460,51,6,2025-01-11,15:45:00,Cancellato,0.0,
461,119,3,2025-01-11,16:45:00,Cancellato,0.0,
462,49,2,2025-01-11,17:45:00,Completato,26.0,Contanti
463,36,1,2025-01-11,18:00:00,Completato,18.0,Contanti
464,109,2,2025-01-11,18:15:00,Completato,26.0,Carta
465,71,2,2025-01-14,12:00:00,Completato,26.0,Contanti
466,42,6,2025-01-14,15:45:00,Completato,10.0,Contanti
467,45,1,2025-01-14,17:15:00,Completato,18.0,Carta
468,16,2,2025-01-14,17:30:00,Completato,26.0,Contanti
469,41,3,2025-01-14,18:30:00,Completato,9.6,Carta
470,108,5,2025-01-14,18:45:00,Completato,12.0,Satispay
471,72,1,2025-01-15,11:15:00,Cancellato,0.0,
472,113,2,2025-01-15,18:30:00,Completato,26.0,Contanti
473,12,1,2025-01-15,18:45:00,Completato,16.2,Satispay
474,93,1,2025-01-16,11:15:00,Completato,18.0,Contanti
475,54,5,2025-01-16,16:45:00,Completato,12.0,Contanti
476,46,5,2025-01-16,17:15:00,Completato,12.0,Satispay
477,7,8,2025-01-17,09:00:00,Completato,22.0,Contanti
478,6,2,2025-01-17,12:15:00,Completato,26.0,Contanti
479,48,1,2025-01-17,19:30:00,Completato,18.0,Satispay
480,106,1,2025-01-18,09:00:00,Completato,18.0,Carta
481,79,2,2025-01-18,10:15:00,Completato,26.0,Satispay
482,84,1,2025-01-18,15:45:00,Completato,18.0,Contanti
483,124,1,2025-01-18,18:00:00,Completato,16.2,Contanti
484,81,5,2025-01-18,18:45:00,No-show,0.0,
485,57,2,2025-01-18,19:15:00,Completato,26.0,Contanti
486,32,5,2025-01-21,18:00:00,Completato,10.8,Contanti
487,23,1,2025-01-21,19:30:00,Completato,18.0,Carta
488,111,1,2025-01-22,10:15:00,Completato,18.0,Carta
489,27,7,2025-01-22,18:45:00,No-show,0.0,
490,92,1,2025-01-23,12:45:00,No-show,0.0,
491,91,7,2025-01-24,10:45:00,Completato,35.0,Carta
492,114,1,2025-01-24,12:00:00,Completato,18.0,Carta
493,118,2,2025-01-24,12:00:00,Completato,26.0,Contanti
494,15,2,2025-01-24,17:00:00,Completato,26.0,Carta
495,121,2,2025-01-24,17:15:00,Completato,26.0,Satispay
496,105,4,2025-01-24,17:30:00,Completato,12.0,Contanti
497,98,3,2025-01-24,18:45:00,Completato,12.0,Carta
498,28,1,2025-01-24,19:00:00,Completato,18.0,Contanti
499,89,1,2025-01-24,19:30:00,Completato,18.0,Satispay
500,80,2,2025-01-25,09:30:00,Completato,26.0,Carta
501,44,3,2025-01-25,10:30:00,Completato,12.0,Satispay
502,26,2,2025-01-25,11:00:00,Completato,26.0,Contanti
503,83,2,2025-01-25,11:00:00,Completato,26.0,Satispay
504,122,1,2025-01-25,11:30:00,Completato,18.0,Carta
505,74,2,2025-01-25,12:30:00,Completato,26.0,Contanti
506,82,1,2025-01-25,15:00:00,Completato,18.0,Contanti
507,112,2,2025-01-25,15:00:00,No-show,0.0,
508,94,2,2025-01-25,17:45:00,Completato,26.0,Carta
509,123,1,2025-01-25,19:00:00,Completato,18.0,Contanti
510,73,2,2025-01-28,10:15:00,Completato,26.0,Contanti
511,47,2,2025-01-28,11:30:00,Completato,26.0,Contanti
512,66,3,2025-01-28,12:30:00,Completato,12.0,Contanti
513,55,2,2025-01-29,10:45:00,Completato,26.0,Carta
514,40,1,2025-01-29,12:00:00,No-show,0.0,
515,108,8,2025-01-29,16:00:00,Completato,22.0,Carta
516,21,5,2025-01-30,11:45:00,Completato,12.0,Carta
517,63,1,2025-01-31,09:45:00,Completato,18.0,Contanti
518,4,1,2025-01-31,11:00:00,Completato,18.0,Carta
519,101,2,2025-01-31,17:30:00,Completato,26.0,Carta
520,76,1,2025-01-31,18:00:00,No-show,0.0,
521,18,5,2025-01-31,18:30:00,Completato,12.0,Carta
522,69,1,2025-02-01,15:00:00,Completato,18.0,Carta
523,34,8,2025-02-01,15:30:00,Completato,22.0,Contanti
524,19,1,2025-02-01,18:15:00,Completato,18.0,Carta
525,87,4,2025-02-01,19:30:00,Completato,15.0,Carta
526,5,1,2025-02-04,09:45:00,Completato,18.0,Contanti
527,12,1,2025-02-04,10:30:00,Completato,18.0,Carta
528,99,1,2025-02-04,18:00:00,Completato,18.0,Satispay
529,16,2,2025-02-05,12:00:00,Completato,26.0,Satispay
530,3,3,2025-02-05,17:15:00,Completato,12.0,Satispay
531,65,1,2025-02-06,09:15:00,Cancellato,0.0,
532,104,4,2025-02-06,16:15:00,Completato,15.0,Contanti
533,70,3,2025-02-06,17:45:00,Completato,12.0,Contanti
534,97,1,2025-02-07,12:00:00,Completato,18.0,Carta
535,22,2,2025-02-07,12:15:00,Completato,26.0,Contanti
536,37,3,2025-02-07,12:15:00,Completato,12.0,Carta
537,24,3,2025-02-07,17:45:00,Completato,12.0,Contanti
538,88,2,2025-02-07,18:45:00,Completato,26.0,Contanti
539,9,1,2025-02-08,09:15:00,Completato,18.0,Carta
540,42,6,2025-02-08,09:30:00,No-show,0.0,
541,6,2,2025-02-08,10:15:00,Completato,26.0,Carta
542,62,6,2025-02-08,11:30:00,Completato,10.0,Contanti
543,33,1,2025-02-08,12:00:00,Completato,18.0,Carta
544,130,2,2025-02-08,12:30:00,Completato,26.0,Contanti
545,103,1,2025-02-08,15:15:00,Completato,18.0,Satispay
546,106,1,2025-02-08,16:00:00,Completato,16.2,Contanti
547,36,1,2025-02-08,16:15:00,Completato,18.0,Contanti
548,25,1,2025-02-08,17:45:00,No-show,0.0,
549,49,2,2025-02-08,18:00:00,Completato,20.8,Contanti
550,71,2,2025-02-08,18:15:00,Completato,23.4,Carta
551,45,2,2025-02-11,09:30:00,Completato,26.0,Carta
552,100,7,2025-02-11,10:45:00,Completato,35.0,Satispay
553,48,1,2025-02-11,15:00:00,No-show,0.0,
554,32,5,2025-02-11,16:30:00,Completato,12.0,Carta
555,115,1,2025-02-12,11:30:00,Completato,18.0,Contanti
556,50,6,2025-02-12,16:45:00,Completato,10.0,Carta
557,64,2,2025-02-12,17:30:00,Cancellato,0.0,
558,21,5,2025-02-12,19:00:00,Completato,12.0,Contanti
559,58,2,2025-02-13,10:00:00,Completato,26.0,Contanti
560,54,1,2025-02-13,12:30:00,Completato,18.0,Contanti
561,86,2,2025-02-13,17:00:00,Completato,26.0,Carta
562,109,1,2025-02-13,18:30:00,Completato,18.0,Contanti
563,13,5,2025-02-14,09:30:00,Cancellato,0.0,
564,56,6,2025-02-14,15:30:00,Completato,10.0,Contanti
565,26,2,2025-02-14,18:30:00,Completato,26.0,Carta
566,51,6,2025-02-14,19:45:00,Completato,10.0,Contanti
567,119,3,2025-02-15,10:00:00,Completato,12.0,Contanti
568,129,7,2025-02-15,11:15:00,Completato,35.0,Contanti
569,55,7,2025-02-15,11:45:00,Completato,35.0,Contanti
570,8,1,2025-02-15,12:30:00,Completato,18.0,Carta
571,120,2,2025-02-15,15:30:00,Completato,26.0,Satispay
572,117,1,2025-02-15,17:00:00,No-show,0.0,
573,122,1,2025-02-15,17:00:00,Completato,18.0,Carta
574,59,3,2025-02-15,18:00:00,Completato,12.0,Satispay
575,107,1,2025-02-18,09:15:00,Completato,18.0,Carta
576,92,1,2025-02-19,09:45:00,No-show,0.0,
577,4,1,2025-02-19,12:15:00,Completato,18.0,Carta
578,127,1,2025-02-19,12:15:00,Completato,18.0,Contanti
579,7,2,2025-02-19,18:45:00,Completato,26.0,Satispay
580,126,1,2025-02-20,09:45:00,Completato,18.0,Satispay
581,83,3,2025-02-20,10:30:00,Completato,12.0,Carta
582,57,1,2025-02-20,12:00:00,Completato,18.0,Contanti
583,30,2,2025-02-20,12:45:00,Completato,26.0,Contanti
584,84,1,2025-02-20,18:15:00,Completato,18.0,Carta
585,133,1,2025-02-20,18:15:00,No-show,0.0,
586,89,1,2025-02-21,09:00:00,Completato,18.0,Carta
587,116,3,2025-02-21,09:30:00,Completato,12.0,Contanti
588,53,1,2025-02-21,10:45:00,Completato,18.0,Carta
589,132,7,2025-02-21,16:15:00,Completato,35.0,Carta
590,91,1,2025-02-21,16:30:00,Completato,18.0,Carta
591,121,8,2025-02-21,18:00:00,Completato,22.0,Satispay
592,68,1,2025-02-22,10:00:00,Completato,18.0,Contanti
593,96,1,2025-02-22,15:00:00,Completato,18.0,Satispay
594,27,1,2025-02-22,18:00:00,Completato,18.0,Carta
595,123,1,2025-02-25,09:15:00,Cancellato,0.0,
596,114,1,2025-02-25,11:30:00,Completato,18.0,Carta
597,118,2,2025-02-25,11:45:00,Completato,26.0,Contanti
598,105,1,2025-02-25,12:30:00,Completato,18.0,Carta
599,108,1,2025-02-25,18:15:00,Completato,18.0,Contanti
600,93,1,2025-02-26,15:00:00,Completato,18.0,Contanti
601,101,4,2025-02-26,17:15:00,Cancellato,0.0,
602,125,1,2025-02-26,17:45:00,Completato,18.0,Carta
603,20,3,2025-02-26,18:45:00,No-show,0.0,
604,128,4,2025-02-27,09:00:00,Completato,15.0,Contanti
605,48,1,2025-02-27,09:15:00,Cancellato,0.0,
606,34,8,2025-02-27,09:45:00,Completato,22.0,Satispay
607,66,1,2025-02-27,10:30:00,Completato,18.0,Contanti
608,76,1,2025-02-27,15:15:00,Completato,18.0,Satispay
609,40,1,2025-02-27,15:45:00,Completato,18.0,Contanti
610,80,1,2025-02-27,16:15:00,Completato,18.0,Contanti
611,131,3,2025-02-27,16:15:00,Completato,12.0,Satispay
612,21,5,2025-02-27,18:15:00,Completato,12.0,Satispay
613,63,2,2025-02-28,09:00:00,Completato,26.0,Carta
614,82,1,2025-02-28,09:30:00,Completato,18.0,Carta
615,124,1,2025-02-28,11:00:00,Completato,18.0,Carta
616,98,3,2025-02-28,18:00:00,Completato,12.0,Satispay
617,11,5,2025-02-28,18:15:00,Completato,12.0,Contanti
618,32,1,2025-02-28,18:15:00,Completato,18.0,Satispay
619,19,1,2025-03-01,11:30:00,Completato,14.4,Contanti
620,73,2,2025-03-01,12:15:00,Completato,26.0,Carta
621,87,2,2025-03-01,18:00:00,Completato,20.8,Contanti
622,18,5,2025-03-01,19:30:00,Completato,12.0,Contanti
623,3,5,2025-03-04,12:00:00,Completato,12.0,Contanti
624,133,1,2025-03-04,15:45:00,Completato,18.0,Satispay
625,5,1,2025-03-04,16:30:00,Completato,18.0,Contanti
626,50,3,2025-03-04,17:15:00,Completato,12.0,Contanti
627,26,2,2025-03-04,17:30:00,Completato,26.0,Contanti
628,25,1,2025-03-04,18:15:00,Completato,18.0,Carta
629,141,8,2025-03-05,11:15:00,Completato,17.6,Carta
630,47,2,2025-03-05,17:15:00,Completato,26.0,Contanti
631,137,2,2025-03-05,19:45:00,Completato,26.0,Contanti
632,111,1,2025-03-06,09:45:00,Completato,18.0,Contanti
633,138,4,2025-03-06,10:30:00,Completato,15.0,Contanti
634,126,1,2025-03-06,10:45:00,Completato,18.0,Contanti
635,69,1,2025-03-06,17:45:00,Completato,18.0,Satispay
636,78,1,2025-03-06,18:00:00,Completato,16.2,Satispay
637,130,1,2025-03-06,19:30:00,Completato,18.0,Contanti
638,135,1,2025-03-07,09:45:00,Completato,18.0,Contanti
639,28,1,2025-03-07,12:00:00,Completato,18.0,Contanti
640,22,2,2025-03-07,16:15:00,Completato,26.0,Satispay
641,129,7,2025-03-07,17:00:00,Completato,35.0,Carta
642,109,1,2025-03-07,17:15:00,Completato,18.0,Contanti
643,89,4,2025-03-07,18:45:00,Completato,15.0,Carta
644,46,5,2025-03-08,10:15:00,Completato,12.0,Contanti
645,102,5,2025-03-08,11:15:00,Cancellato,0.0,
646,139,1,2025-03-08,12:45:00,Completato,18.0,Contanti
647,23,1,2025-03-08,15:00:00,Completato,18.0,Contanti
648,99,1,2025-03-08,18:00:00,Completato,18.0,Contanti
649,112,2,2025-03-08,18:45:00,Completato,26.0,Contanti
650,4,1,2025-03-11,11:45:00,Completato,18.0,Carta
651,136,4,2025-03-11,15:30:00,Completato,15.0,Contanti
652,118,2,2025-03-11,17:15:00,No-show,0.0,
653,72,1,2025-03-12,09:15:00,No-show,0.0,
654,94,2,2025-03-12,11:45:00,No-show,0.0,
655,64,2,2025-03-12,15:00:00,Completato,26.0,Carta
656,49,1,2025-03-12,18:00:00,Completato,18.0,Contanti
657,70,3,2025-03-13,10:45:00,Completato,12.0,Carta
658,84,1,2025-03-13,11:45:00,Completato,18.0,Contanti
659,115,1,2025-03-13,11:45:00,Completato,18.0,Contanti
660,106,1,2025-03-13,17:30:00,Completato,18.0,Contanti
661,62,6,2025-03-13,18:15:00,Completato,10.0,Satispay
662,117,1,2025-03-13,18:30:00,Completato,18.0,Satispay
663,44,3,2025-03-14,10:15:00,Completato,12.0,Satispay
664,27,1,2025-03-14,10:30:00,Completato,18.0,Contanti
665,101,2,2025-03-14,11:15:00,Completato,26.0,Contanti
666,140,2,2025-03-14,12:00:00,Completato,26.0,Contanti
667,36,1,2025-03-14,12:15:00,Completato,18.0,Carta
668,125,1,2025-03-14,15:00:00,Completato,18.0,Carta
669,45,2,2025-03-14,17:00:00,Completato,26.0,Contanti
670,58,5,2025-03-14,17:15:00,Completato,12.0,Contanti
671,41,1,2025-03-15,10:15:00,No-show,0.0,
672,55,3,2025-03-15,10:45:00,Completato,12.0,Contanti
673,113,3,2025-03-15,12:45:00,Completato,12.0,Carta
674,57,1,2025-03-15,15:15:00,Cancellato,0.0,
675,120,2,2025-03-15,15:45:00,Completato,20.8,Contanti
676,122,1,2025-03-15,19:00:00,Completato,18.0,Carta
677,88,2,2025-03-15,19:15:00,Completato,26.0,Satispay
678,13,3,2025-03-15,19:45:00,Completato,12.0,Contanti
679,46,5,2025-03-18,10:00:00,Completato,12.0,Contanti
680,100,7,2025-03-18,17:45:00,Completato,35.0,Carta
681,24,3,2025-03-18,18:00:00,Completato,12.0,Carta
682,121,1,2025-03-18,18:00:00,Completato,18.0,Carta
683,123,1,2025-03-19,11:45:00,Completato,18.0,Contanti
684,86,2,2025-03-20,12:45:00,Completato,26.0,Carta
685,15,2,2025-03-20,16:45:00,Completato,26.0,Contanti
686,135,1,2025-03-20,16:45:00,Completato,18.0,Satispay
687,42,8,2025-03-20,17:00:00,Completato,22.0,Contanti
688,74,2,2025-03-20,17:30:00,Completato,26.0,Carta
689,7,8,2025-03-21,09:15:00,Completato,22.0,Contanti
690,34,8,2025-03-21,11:15:00,Completato,22.0,Contanti
691,65,1,2025-03-21,16:00:00,Completato,18.0,Contanti
692,54,5,2025-03-21,16:15:00,Completato,12.0,Contanti
693,3,5,2025-03-21,18:00:00,Completato,12.0,Carta
694,22,8,2025-03-21,19:30:00,Completato,22.0,Contanti
695,79,2,2025-03-21,19:30:00,Completato,26.0,Satispay
696,142,6,2025-03-21,19:45:00,Completato,10.0,Satispay
697,6,1,2025-03-22,11:45:00,Cancellato,0.0,
698,133,1,2025-03-22,15:45:00,Completato,18.0,Carta
699,63,3,2025-03-22,16:30:00,Completato,12.0,Carta
700,119,2,2025-03-22,16:45:00,Completato,26.0,Contanti
701,32,5,2025-03-22,17:00:00,Completato,10.8,Contanti
702,71,2,2025-03-22,17:30:00,Completato,26.0,Carta
703,134,3,2025-03-22,17:45:00,Completato,12.0,Carta
704,18,1,2025-03-22,18:45:00,Completato,18.0,Satispay
705,48,1,2025-03-22,18:45:00,Completato,18.0,Carta
706,19,1,2025-03-25,11:00:00,Completato,18.0,Contanti
707,73,2,2025-03-25,19:15:00,Completato,26.0,Contanti
708,96,1,2025-03-26,10:45:00,No-show,0.0,
709,21,5,2025-03-26,12:00:00,Completato,12.0,Contanti
710,126,1,2025-03-26,12:15:00,Completato,18.0,Carta
711,69,1,2025-03-26,17:00:00,Completato,18.0,Carta
712,26,2,2025-03-26,17:15:00,Completato,26.0,Satispay
713,36,1,2025-03-27,09:15:00,Completato,18.0,Carta
714,23,1,2025-03-27,09:30:00,Completato,18.0,Contanti
715,81,5,2025-03-27,17:00:00,Completato,12.0,Carta
716,108,1,2025-03-27,17:30:00,Completato,18.0,Carta
717,104,6,2025-03-28,09:00:00,Completato,10.0,Contanti
718,93,1,2025-03-28,10:15:00,Completato,18.0,Contanti
719,66,2,2025-03-28,10:45:00,Completato,26.0,Contanti
720,40,1,2025-03-28,11:00:00,Completato,18.0,Contanti
721,59,3,2025-03-28,12:00:00,Completato,12.0,Contanti
722,80,2,2025-03-28,12:45:00,Completato,26.0,Carta
723,37,6,2025-03-28,17:45:00,Completato,10.0,Carta
724,97,2,2025-03-28,19:45:00,Completato,20.8,Contanti
725,129,7,2025-03-29,10:30:00,Completato,35.0,Satispay
726,51,1,2025-03-29,11:15:00,Completato,16.2,Contanti
727,107,1,2025-03-29,12:00:00,Completato,18.0,Carta
728,128,4,2025-03-29,19:00:00,Completato,15.0,Contanti
729,12,1,2025-03-29,19:45:00,Cancellato,0.0,
730,91,3,2025-04-01,10:30:00,Cancellato,0.0,
731,114,1,2025-04-01,15:15:00,Completato,18.0,Contanti
732,136,4,2025-04-01,16:45:00,Completato,15.0,Carta
733,106,1,2025-04-01,17:45:00,Cancellato,0.0,
734,8,1,2025-04-01,18:15:00,Completato,18.0,Satispay
735,99,1,2025-04-01,18:30:00,Cancellato,0.0,
736,5,1,2025-04-02,09:00:00,Completato,18.0,Contanti
737,137,2,2025-04-02,11:30:00,Completato,26.0,Contanti
738,13,2,2025-04-02,16:45:00,Completato,26.0,Contanti
739,118,2,2025-04-02,16:45:00,Completato,20.8,Carta
740,135,4,2025-04-03,09:15:00,No-show,0.0,
741,44,3,2025-04-03,09:30:00,Completato,12.0,Contanti
742,145,1,2025-04-03,09:45:00,Completato,18.0,Carta
743,103,1,2025-04-03,15:45:00,Completato,18.0,Contanti
744,76,2,2025-04-04,10:00:00,Completato,26.0,Contanti
745,124,1,2025-04-04,10:45:00,Completato,18.0,Carta
746,115,1,2025-04-04,12:45:00,Completato,18.0,Contanti
747,130,1,2025-04-04,19:15:00,Completato,18.0,Contanti
748,109,1,2025-04-05,09:00:00,Completato,18.0,Contanti
749,105,1,2025-04-05,09:15:00,Completato,18.0,Contanti
750,50,3,2025-04-05,10:30:00,Completato,12.0,Contanti
751,139,1,2025-04-05,10:45:00,No-show,0.0,
752,89,1,2025-04-05,11:00:00,Completato,18.0,Carta
753,30,2,2025-04-05,11:30:00,Completato,26.0,Carta
754,64,1,2025-04-05,15:15:00,Completato,18.0,Contanti
755,4,1,2025-04-05,16:45:00,Completato,18.0,Contanti
756,56,6,2025-04-05,16:45:00,Completato,10.0,Carta
757,47,1,2025-04-05,17:00:00,Completato,18.0,Carta
758,25,1,2025-04-08,17:00:00,Completato,16.2,Carta
759,121,2,2025-04-09,15:00:00,Completato,26.0,Carta
760,125,1,2025-04-09,15:30:00,Completato,18.0,Carta
761,141,8,2025-04-09,17:00:00,Completato,22.0,Carta
762,22,2,2025-04-10,09:30:00,Completato,26.0,Satispay
763,68,1,2025-04-10,10:45:00,Completato,18.0,Satispay
764,148,1,2025-04-10,15:00:00,Cancellato,0.0,
765,27,1,2025-04-10,19:45:00,Completato,18.0,Carta
766,127,2,2025-04-11,10:30:00,Completato,26.0,Carta
767,112,2,2025-04-11,11:30:00,Completato,26.0,Carta
768,7,8,2025-04-11,15:45:00,Completato,22.0,Contanti
769,101,2,2025-04-11,17:45:00,Completato,26.0,Satispay
770,116,1,2025-04-12,09:15:00,Completato,18.0,Carta
771,149,1,2025-04-12,11:00:00,Completato,18.0,Contanti
772,82,1,2025-04-12,11:45:00,Completato,18.0,Contanti
773,140,5,2025-04-12,15:45:00,Completato,12.0,Carta
774,117,1,2025-04-12,17:15:00,Completato,18.0,Satispay
775,123,1,2025-04-12,18:00:00,Completato,18.0,Carta
776,84,1,2025-04-12,19:00:00,Completato,18.0,Contanti
777,28,1,2025-04-12,19:15:00,Completato,18.0,Carta
778,45,5,2025-04-15,17:15:00,Completato,12.0,Satispay
779,3,5,2025-04-15,18:45:00,Completato,12.0,Satispay
780,98,2,2025-04-16,16:00:00,Completato,26.0,Contanti
781,62,6,2025-04-16,17:15:00,No-show,0.0,
782,147,1,2025-04-16,19:30:00,Completato,18.0,Contanti
783,19,1,2025-04-17,10:00:00,Completato,18.0,Contanti
784,63,1,2025-04-17,12:15:00,Completato,18.0,Satispay
785,53,1,2025-04-17,15:00:00,Completato,18.0,Contanti
786,126,1,2025-04-17,16:30:00,Completato,18.0,Carta
787,72,1,2025-04-17,18:00:00,Completato,18.0,Satispay
788,133,1,2025-04-17,18:45:00,Completato,18.0,Contanti
789,100,8,2025-04-18,09:30:00,Completato,22.0,Contanti
790,86,2,2025-04-18,10:45:00,Completato,26.0,Contanti
791,24,3,2025-04-18,11:30:00,Completato,12.0,Satispay
792,32,5,2025-04-18,12:30:00,No-show,0.0,
793,143,4,2025-04-18,15:00:00,Completato,15.0,Carta
794,33,1,2025-04-18,16:00:00,Cancellato,0.0,
795,122,1,2025-04-18,16:00:00,Completato,18.0,Satispay
796,58,5,2025-04-18,16:15:00,Completato,12.0,Contanti
797,96,1,2025-04-18,16:15:00,Completato,14.4,Carta
798,18,5,2025-04-18,16:30:00,Completato,12.0,Contanti
799,23,1,2025-04-18,17:30:00,Completato,18.0,Contanti
800,146,6,2025-04-18,18:15:00,Completato,10.0,Satispay
801,111,1,2025-04-18,18:45:00,Cancellato,0.0,
802,34,8,2025-04-19,09:45:00,Completato,22.0,Carta
803,80,2,2025-04-19,12:15:00,Completato,26.0,Contanti
804,138,4,2025-04-19,16:00:00,Completato,15.0,Contanti
805,26,2,2025-04-19,16:15:00,Completato,26.0,Satispay
806,9,2,2025-04-19,17:00:00,Completato,26.0,Contanti
807,106,1,2025-04-19,19:30:00,Completato,18.0,Contanti
808,101,2,2025-04-22,11:45:00,Completato,26.0,Contanti
809,134,3,2025-04-22,15:30:00,Completato,12.0,Carta
810,36,1,2025-04-22,15:45:00,Completato,18.0,Satispay
811,54,5,2025-04-22,15:45:00,Completato,12.0,Contanti
812,119,1,2025-04-22,18:45:00,Completato,18.0,Carta
813,108,1,2025-04-22,19:45:00,Completato,18.0,Carta
814,88,2,2025-04-23,10:45:00,Completato,26.0,Contanti
815,129,7,2025-04-23,11:45:00,Completato,35.0,Carta
816,48,1,2025-04-23,15:30:00,Completato,16.2,Contanti
817,102,1,2025-04-23,17:00:00,Completato,18.0,Carta
818,130,1,2025-04-23,17:15:00,Completato,18.0,Contanti
819,99,1,2025-04-23,18:45:00,Completato,18.0,Carta
820,6,2,2025-04-23,19:00:00,Completato,26.0,Carta
821,4,1,2025-04-24,09:15:00,Completato,18.0,Carta
822,57,2,2025-04-24,18:00:00,Completato,26.0,Carta
823,135,1,2025-04-25,12:15:00,Completato,18.0,Contanti
824,40,6,2025-04-25,16:30:00,Completato,8.0,Contanti
825,12,1,2025-04-25,18:30:00,Completato,18.0,Carta
826,125,1,2025-04-25,19:30:00,Completato,18.0,Contanti
827,46,5,2025-04-26,09:45:00,Completato,12.0,Contanti
828,22,6,2025-04-26,10:15:00,Completato,10.0,Contanti
829,69,1,2025-04-26,17:00:00,Completato,18.0,Contanti
830,11,3,2025-04-26,18:15:00,Completato,12.0,Contanti
831,144,3,2025-04-26,19:00:00,No-show,0.0,
832,128,4,2025-04-29,11:00:00,Completato,15.0,Contanti
833,116,1,2025-04-29,18:30:00,Completato,18.0,Contanti
834,66,1,2025-04-30,11:30:00,Completato,18.0,Carta
835,30,2,2025-04-30,15:00:00,Cancellato,0.0,
836,50,2,2025-04-30,15:15:00,No-show,0.0,
837,76,1,2025-04-30,19:00:00,Completato,18.0,Carta
838,89,1,2025-04-30,19:15:00,Cancellato,0.0,
839,42,6,2025-04-30,19:30:00,Completato,10.0,Carta
840,139,1,2025-05-01,12:45:00,Completato,18.0,Carta
841,73,3,2025-05-01,16:15:00,Completato,12.0,Contanti
842,136,4,2025-05-01,17:45:00,Completato,15.0,Contanti
843,94,2,2025-05-01,18:00:00,Completato,26.0,Carta
844,74,2,2025-05-02,09:15:00,Completato,26.0,Carta
845,140,3,2025-05-02,12:30:00,Completato,12.0,Contanti
846,37,6,2025-05-02,17:00:00,Completato,10.0,Satispay
847,26,2,2025-05-02,17:30:00,No-show,0.0,
848,101,2,2025-05-02,17:45:00,Completato,20.8,Carta
849,158,1,2025-05-02,18:00:00,Completato,14.4,Carta
850,15,2,2025-05-02,19:45:00,Completato,23.4,Carta
851,124,1,2025-05-03,09:15:00,Completato,14.4,Contanti
852,142,5,2025-05-03,16:30:00,Completato,12.0,Carta
853,5,2,2025-05-03,17:45:00,No-show,0.0,
854,27,1,2025-05-03,18:00:00,Completato,18.0,Contanti
855,51,2,2025-05-03,18:00:00,Completato,26.0,Satispay
856,121,6,2025-05-03,18:45:00,Completato,10.0,Contanti
857,82,1,2025-05-03,19:30:00,Completato,18.0,Contanti
858,137,2,2025-05-03,19:45:00,Completato,26.0,Contanti
859,107,1,2025-05-06,11:00:00,Completato,18.0,Carta
860,13,2,2025-05-06,16:00:00,Cancellato,0.0,
861,19,1,2025-05-06,16:00:00,Completato,18.0,Contanti
862,127,1,2025-05-06,17:15:00,Completato,18.0,Contanti
863,78,2,2025-05-06,17:45:00,Completato,26.0,Contanti
864,153,3,2025-05-06,19:45:00,No-show,0.0,
865,49,2,2025-05-07,10:00:00,Completato,26.0,Carta
866,79,8,2025-05-07,16:30:00,No-show,0.0,
867,81,5,2025-05-08,09:30:00,Completato,12.0,Contanti
868,59,3,2025-05-08,11:45:00,Completato,12.0,Contanti
869,113,2,2025-05-08,12:30:00,Completato,26.0,Contanti
870,71,2,2025-05-08,12:45:00,Cancellato,0.0,
871,41,1,2025-05-08,17:30:00,Completato,18.0,Carta
872,20,7,2025-05-08,18:30:00,Completato,35.0,Carta
873,109,1,2025-05-09,12:45:00,Completato,18.0,Contanti
874,8,1,2025-05-09,15:30:00,Completato,18.0,Contanti
875,84,1,2025-05-09,15:30:00,Completato,18.0,Contanti
876,72,1,2025-05-09,17:30:00,No-show,0.0,
877,47,2,2025-05-10,09:15:00,Completato,26.0,Satispay
878,150,2,2025-05-10,10:30:00,Completato,23.4,Contanti
879,160,3,2025-05-10,11:00:00,Completato,12.0,Contanti
880,3,5,2025-05-10,11:45:00,Completato,12.0,Contanti
881,18,1,2025-05-10,12:30:00,Completato,18.0,Contanti
882,65,1,2025-05-10,16:30:00,Completato,18.0,Contanti
883,64,1,2025-05-10,17:15:00,Completato,18.0,Contanti
884,44,3,2025-05-10,18:15:00,Completato,12.0,Contanti
885,112,2,2025-05-10,18:15:00,Completato,26.0,Contanti
886,126,1,2025-05-10,18:30:00,Completato,18.0,Carta
887,40,3,2025-05-10,19:30:00,Completato,12.0,Contanti
888,114,1,2025-05-13,09:45:00,Completato,18.0,Satispay
889,45,3,2025-05-13,17:45:00,Completato,12.0,Contanti
890,6,2,2025-05-13,18:45:00,No-show,0.0,
891,46,5,2025-05-13,18:45:00,Completato,10.8,Contanti
892,155,7,2025-05-13,19:00:00,Completato,35.0,Carta
893,98,3,2025-05-14,10:45:00,Cancellato,0.0,
894,23,1,2025-05-14,12:30:00,Completato,18.0,Contanti
895,134,3,2025-05-15,09:45:00,Completato,12.0,Carta
896,111,1,2025-05-15,10:15:00,Completato,14.4,Contanti
897,123,1,2025-05-15,12:00:00,Completato,18.0,Carta
898,7,8,2025-05-15,16:30:00,Completato,22.0,Satispay
899,106,1,2025-05-15,17:00:00,Completato,18.0,Contanti
900,122,1,2025-05-15,17:15:00,Completato,18.0,Contanti
901,152,1,2025-05-15,19:15:00,Completato,18.0,Carta
902,105,1,2025-05-16,09:00:00,Completato,18.0,Contanti
903,4,1,2025-05-16,10:00:00,Completato,18.0,Contanti
904,125,1,2025-05-16,10:00:00,Completato,16.2,Contanti
905,133,1,2025-05-16,10:00:00,Cancellato,0.0,
906,145,3,2025-05-16,11:45:00,No-show,0.0,
907,34,8,2025-05-16,18:30:00,Completato,22.0,Carta
908,22,2,2025-05-17,11:00:00,Completato,26.0,Contanti
909,135,1,2025-05-17,11:45:00,Completato,18.0,Satispay
910,154,2,2025-05-17,11:45:00,Completato,26.0,Contanti
911,115,1,2025-05-17,16:00:00,Completato,18.0,Carta
912,117,1,2025-05-17,18:30:00,Completato,18.0,Contanti
913,62,6,2025-05-17,19:30:00,Completato,9.0,Contanti
914,100,7,2025-05-20,10:30:00,Completato,35.0,Contanti
915,88,2,2025-05-20,11:15:00,Completato,26.0,Contanti
916,50,3,2025-05-20,17:45:00,Cancellato,0.0,
917,156,2,2025-05-21,11:00:00,Completato,26.0,Carta
918,159,2,2025-05-22,11:00:00,Completato,26.0,Satispay
919,151,1,2025-05-22,12:00:00,Completato,18.0,Contanti
920,138,4,2025-05-22,15:15:00,Completato,15.0,Contanti
921,101,2,2025-05-22,16:15:00,Completato,26.0,Carta
922,129,1,2025-05-22,18:00:00,Completato,18.0,Contanti
923,48,1,2025-05-22,19:30:00,Completato,14.4,Satispay
924,69,1,2025-05-23,10:30:00,Completato,18.0,Carta
925,148,1,2025-05-23,11:30:00,Completato,18.0,Carta
926,19,3,2025-05-23,11:45:00,Completato,12.0,Contanti
927,25,3,2025-05-23,16:00:00,Completato,12.0,Contanti
928,32,3,2025-05-23,17:15:00,No-show,0.0,
929,121,2,2025-05-24,09:30:00,Completato,26.0,Carta
930,26,2,2025-05-24,09:45:00,Completato,26.0,Contanti
931,119,1,2025-05-24,10:45:00,Completato,18.0,Satispay
932,27,1,2025-05-24,11:00:00,Completato,18.0,Carta
933,71,2,2025-05-24,11:30:00,Completato,26.0,Contanti
934,54,2,2025-05-24,12:45:00,Completato,26.0,Contanti
935,58,5,2025-05-24,16:00:00,Completato,12.0,Contanti
936,24,8,2025-05-24,16:15:00,Completato,22.0,Satispay
937,66,1,2025-05-24,16:15:00,Completato,14.4,Carta
938,137,2,2025-05-24,16:15:00,Completato,26.0,Contanti
939,97,1,2025-05-24,17:45:00,Completato,18.0,Carta
940,143,3,2025-05-24,17:45:00,Completato,12.0,Satispay
941,91,2,2025-05-24,18:45:00,Completato,26.0,Contanti
942,141,8,2025-05-24,19:30:00,Completato,22.0,Contanti
943,130,7,2025-05-27,10:30:00,Completato,35.0,Contanti
944,146,2,2025-05-27,15:45:00,Completato,26.0,Carta
945,103,5,2025-05-27,17:15:00,Completato,12.0,Carta
946,82,3,2025-05-27,18:45:00,Completato,12.0,Contanti
947,125,1,2025-05-28,11:45:00,Completato,18.0,Carta
948,84,1,2025-05-28,15:15:00,Completato,18.0,Satispay
949,36,1,2025-05-28,16:45:00,Completato,18.0,Carta
950,99,1,2025-05-28,17:00:00,Completato,18.0,Contanti
951,147,1,2025-05-28,18:15:00,Completato,18.0,Satispay
952,56,6,2025-05-29,11:00:00,Completato,10.0,Contanti
953,64,1,2025-05-30,15:45:00,Completato,18.0,Contanti
954,28,5,2025-05-30,17:30:00,Completato,12.0,Contanti
955,12,1,2025-05-30,19:15:00,Completato,18.0,Carta
956,9,2,2025-05-31,09:00:00,Completato,26.0,Contanti
957,89,1,2025-05-31,12:00:00,Completato,18.0,Contanti
958,157,8,2025-05-31,12:00:00,Completato,22.0,Satispay
959,128,3,2025-05-31,15:15:00,Completato,12.0,Contanti
960,108,1,2025-05-31,15:30:00,Completato,18.0,Contanti
961,133,1,2025-05-31,16:15:00,Completato,18.0,Contanti
962,34,8,2025-05-31,17:15:00,Completato,22.0,Satispay
963,42,6,2025-05-31,17:15:00,Completato,10.0,Carta
964,112,2,2025-05-31,18:30:00,Completato,26.0,Carta
965,104,2,2025-05-31,19:00:00,Completato,20.8,Contanti
966,144,5,2025-06-03,09:00:00,Completato,12.0,Contanti
967,155,1,2025-06-03,09:45:00,Completato,18.0,Contanti
968,136,4,2025-06-03,10:30:00,Completato,12.0,Carta
969,134,3,2025-06-03,10:45:00,Completato,12.0,Contanti
970,22,2,2025-06-03,15:15:00,Completato,26.0,Contanti
971,37,6,2025-06-04,18:00:00,Completato,10.0,Contanti
972,13,2,2025-06-04,18:15:00,Completato,26.0,Carta
973,5,1,2025-06-05,10:00:00,Completato,18.0,Contanti
974,49,2,2025-06-05,12:00:00,Completato,26.0,Satispay
975,139,1,2025-06-05,15:30:00,Completato,14.4,Contanti
976,86,2,2025-06-05,16:45:00,Completato,26.0,Satispay
977,169,2,2025-06-05,18:00:00,No-show,0.0,
978,145,2,2025-06-06,09:00:00,Completato,26.0,Carta
979,102,5,2025-06-06,09:30:00,Completato,12.0,Contanti
980,167,5,2025-06-06,10:15:00,Completato,12.0,Contanti
981,156,1,2025-06-06,10:45:00,Completato,18.0,Satispay
982,106,1,2025-06-06,15:15:00,Completato,18.0,Contanti
983,18,5,2025-06-06,17:00:00,Cancellato,0.0,
984,149,1,2025-06-06,17:15:00,Completato,18.0,Contanti
985,115,1,2025-06-07,10:45:00,Completato,18.0,Carta
986,122,1,2025-06-07,11:15:00,Completato,16.2,Satispay
987,6,2,2025-06-07,12:15:00,Completato,26.0,Carta
988,45,2,2025-06-07,17:00:00,Completato,26.0,Carta
989,57,2,2025-06-07,17:00:00,Completato,23.4,Contanti
990,3,5,2025-06-07,17:15:00,Completato,12.0,Carta
991,73,2,2025-06-07,18:45:00,Completato,26.0,Contanti
992,26,2,2025-06-07,19:45:00,Completato,26.0,Contanti
993,50,3,2025-06-10,16:15:00,Completato,12.0,Contanti
994,66,1,2025-06-12,12:00:00,Completato,18.0,Carta
995,94,2,2025-06-12,15:00:00,Completato,26.0,Carta
996,8,1,2025-06-12,15:15:00,Completato,18.0,Carta
997,40,1,2025-06-12,15:15:00,Completato,18.0,Satispay
998,101,2,2025-06-12,16:45:00,Completato,26.0,Carta
999,32,5,2025-06-12,17:15:00,Completato,12.0,Satispay
1000,76,2,2025-06-12,18:15:00,Completato,26.0,Contanti
1001,72,1,2025-06-12,18:30:00,Cancellato,0.0,
1002,135,1,2025-06-12,19:00:00,Completato,18.0,Carta
1003,109,1,2025-06-13,09:00:00,Completato,16.2,Carta
1004,140,5,2025-06-13,11:00:00,Completato,12.0,Contanti
1005,27,1,2025-06-13,12:00:00,No-show,0.0,
1006,163,1,2025-06-13,12:45:00,Completato,18.0,Contanti
1007,100,2,2025-06-13,15:15:00,Completato,26.0,Carta
1008,116,3,2025-06-13,16:00:00,Completato,10.8,Contanti
1009,68,2,2025-06-13,17:00:00,Completato,26.0,Contanti
1010,168,1,2025-06-13,18:15:00,Completato,18.0,Satispay
1011,74,2,2025-06-14,09:15:00,Completato,26.0,Satispay
1012,105,1,2025-06-14,10:30:00,Completato,18.0,Carta
1013,15,2,2025-06-14,10:45:00,Completato,26.0,Carta
1014,19,1,2025-06-14,11:30:00,Completato,18.0,Contanti
1015,159,2,2025-06-14,15:00:00,Completato,26.0,Contanti
1016,48,1,2025-06-14,16:00:00,Completato,18.0,Carta
1017,150,2,2025-06-14,16:00:00,Completato,26.0,Contanti
1018,126,1,2025-06-14,16:15:00,Completato,18.0,Carta
1019,62,1,2025-06-14,17:00:00,Completato,18.0,Carta
1020,33,1,2025-06-14,19:15:00,Completato,18.0,Contanti
1021,123,4,2025-06-14,19:30:00,Completato,15.0,Carta
1022,125,1,2025-06-17,15:30:00,Completato,18.0,Contanti
1023,165,2,2025-06-17,15:45:00,Completato,26.0,Carta
1024,124,1,2025-06-17,17:00:00,Completato,18.0,Contanti
1025,36,1,2025-06-17,19:30:00,Completato,18.0,Satispay
1026,23,1,2025-06-18,09:00:00,Completato,18.0,Carta
1027,142,6,2025-06-18,12:00:00,Completato,8.0,Contanti
1028,133,1,2025-06-18,17:00:00,Completato,18.0,Contanti
1029,4,2,2025-06-18,17:15:00,Completato,26.0,Contanti
1030,158,1,2025-06-18,17:15:00,No-show,0.0,
1031,7,8,2025-06-18,18:00:00,Completato,22.0,Contanti
1032,153,3,2025-06-18,18:00:00,Completato,12.0,Carta
1033,160,3,2025-06-18,18:00:00,Completato,12.0,Contanti
1034,99,1,2025-06-18,19:15:00,Completato,18.0,Contanti
1035,152,1,2025-06-19,10:00:00,Completato,18.0,Carta
1036,30,2,2025-06-19,12:00:00,Completato,26.0,Contanti
1037,113,2,2025-06-19,15:00:00,Completato,20.8,Contanti
1038,69,1,2025-06-19,15:30:00,Completato,18.0,Contanti
1039,44,3,2025-06-19,18:45:00,Completato,12.0,Carta
1040,79,2,2025-06-19,19:15:00,Completato,26.0,Satispay
1041,97,1,2025-06-20,09:30:00,Completato,18.0,Contanti
1042,129,7,2025-06-20,09:45:00,No-show,0.0,
1043,89,1,2025-06-20,11:45:00,Completato,18.0,Satispay
1044,134,3,2025-06-20,11:45:00,Completato,10.8,Contanti
1045,164,7,2025-06-20,12:45:00,Completato,35.0,Contanti
1046,96,1,2025-06-20,16:00:00,Completato,18.0,Contanti
1047,107,2,2025-06-20,17:00:00,Completato,26.0,Contanti
1048,34,8,2025-06-20,18:15:00,Completato,22.0,Contanti
1049,166,2,2025-06-20,18:45:00,Completato,26.0,Carta
1050,162,2,2025-06-20,19:45:00,Completato,26.0,Contanti
1051,130,1,2025-06-21,10:30:00,Completato,18.0,Carta
1052,51,6,2025-06-21,15:15:00,Completato,10.0,Satispay
1053,117,1,2025-06-21,16:30:00,Completato,18.0,Carta
1054,53,1,2025-06-21,17:00:00,Completato,18.0,Contanti
1055,64,8,2025-06-21,17:45:00,Completato,22.0,Contanti
1056,72,1,2025-06-24,10:30:00,Completato,18.0,Satispay
1057,22,6,2025-06-24,11:15:00,Cancellato,0.0,
1058,122,1,2025-06-24,17:15:00,Completato,18.0,Contanti
1059,41,1,2025-06-24,19:00:00,Completato,18.0,Carta
1060,42,6,2025-06-24,19:15:00,Completato,10.0,Contanti
1061,154,2,2025-06-24,19:45:00,Cancellato,0.0,
1062,119,3,2025-06-25,11:00:00,Completato,12.0,Contanti
1063,27,1,2025-06-26,10:30:00,Completato,14.4,Contanti
1064,121,2,2025-06-26,18:15:00,Completato,26.0,Carta
1065,156,1,2025-06-26,19:15:00,Completato,18.0,Carta
1066,139,1,2025-06-27,10:00:00,Completato,18.0,Carta
1067,170,2,2025-06-27,10:45:00,Completato,26.0,Contanti
1068,47,2,2025-06-27,11:15:00,Completato,26.0,Contanti
1069,12,1,2025-06-27,16:45:00,Completato,18.0,Carta
1070,137,2,2025-06-27,17:15:00,Completato,26.0,Carta
1071,9,2,2025-06-27,17:30:00,Completato,26.0,Contanti
1072,111,5,2025-06-27,18:45:00,Completato,12.0,Satispay
1073,84,1,2025-06-28,12:30:00,Completato,18.0,Carta
1074,151,1,2025-06-28,12:45:00,Completato,18.0,Contanti
1075,40,1,2025-06-28,16:45:00,Completato,18.0,Carta
1076,161,3,2025-06-28,17:00:00,Completato,9.6,Contanti
1077,108,1,2025-06-28,18:15:00,Completato,18.0,Contanti
1078,102,5,2025-06-28,18:45:00,Completato,12.0,Contanti
1079,50,3,2025-07-01,10:15:00,Completato,12.0,Carta
1080,69,2,2025-07-01,11:45:00,Completato,26.0,Contanti
1081,86,2,2025-07-01,12:00:00,Completato,26.0,Carta
1082,18,5,2025-07-01,15:00:00,Completato,12.0,Contanti
1083,78,1,2025-07-01,15:15:00,Completato,18.0,Carta
1084,20,7,2025-07-02,10:15:00,Completato,35.0,Carta
1085,112,2,2025-07-02,11:30:00,No-show,0.0,
1086,98,3,2025-07-02,12:00:00,Completato,12.0,Contanti
1087,140,5,2025-07-02,15:00:00,Completato,12.0,Carta
1088,26,2,2025-07-02,17:00:00,No-show,0.0,
1089,133,3,2025-07-02,17:00:00,Completato,12.0,Satispay
1090,101,2,2025-07-02,17:30:00,Completato,26.0,Carta
1091,58,5,2025-07-03,11:45:00,Completato,12.0,Carta
1092,135,1,2025-07-03,12:00:00,Completato,18.0,Contanti
1093,45,2,2025-07-03,15:15:00,Completato,26.0,Contanti
1094,136,4,2025-07-03,16:45:00,Completato,15.0,Carta
1095,155,1,2025-07-03,17:30:00,Completato,18.0,Carta
1096,128,1,2025-07-03,19:00:00,Completato,18.0,Contanti
1097,178,3,2025-07-03,19:45:00,Completato,12.0,Contanti
1098,82,1,2025-07-04,09:00:00,Completato,18.0,Carta
1099,172,1,2025-07-04,09:45:00,Completato,18.0,Carta
1100,123,1,2025-07-04,11:15:00,Completato,18.0,Satispay
1101,25,1,2025-07-04,16:00:00,Completato,18.0,Satispay
1102,7,2,2025-07-04,16:30:00,Completato,26.0,Satispay
1103,91,1,2025-07-04,18:00:00,Completato,18.0,Satispay
1104,125,1,2025-07-04,18:00:00,No-show,0.0,
1105,115,1,2025-07-04,19:15:00,Completato,18.0,Contanti
1106,167,2,2025-07-04,19:15:00,Completato,26.0,Carta
1107,157,2,2025-07-04,19:30:00,Completato,26.0,Contanti
1108,81,5,2025-07-04,19:45:00,Completato,12.0,Carta
1109,122,1,2025-07-05,10:00:00,Completato,18.0,Carta
1110,165,2,2025-07-05,10:30:00,Cancellato,0.0,
1111,138,4,2025-07-05,12:45:00,Completato,15.0,Carta
1112,36,1,2025-07-05,16:00:00,Completato,18.0,Contanti
1113,65,1,2025-07-05,16:00:00,Completato,18.0,Carta
1114,73,2,2025-07-05,16:00:00,Completato,26.0,Contanti
1115,19,1,2025-07-05,16:45:00,Completato,18.0,Contanti
1116,37,6,2025-07-05,17:30:00,Completato,10.0,Contanti
1117,145,2,2025-07-05,18:15:00,Completato,23.4,Contanti
1118,23,1,2025-07-08,16:45:00,Completato,18.0,Carta
1119,168,1,2025-07-08,18:15:00,Completato,18.0,Contanti
1120,143,8,2025-07-09,16:30:00,Completato,22.0,Carta
1121,6,5,2025-07-09,17:15:00,Completato,12.0,Carta
1122,152,3,2025-07-09,17:45:00,Completato,10.8,Contanti
1123,147,1,2025-07-09,18:15:00,Completato,18.0,Contanti
1124,59,3,2025-07-09,18:30:00,Completato,12.0,Carta
1125,141,8,2025-07-09,18:30:00,Completato,22.0,Contanti
1126,148,1,2025-07-10,10:30:00,Completato,18.0,Carta
1127,3,5,2025-07-10,11:45:00,Completato,12.0,Carta
1128,30,3,2025-07-10,12:15:00,Completato,12.0,Contanti
1129,76,1,2025-07-10,15:30:00,Completato,18.0,Carta
1130,176,1,2025-07-10,19:00:00,Completato,18.0,Contanti
1131,4,1,2025-07-10,19:15:00,Completato,18.0,Contanti
1132,50,3,2025-07-11,09:00:00,Completato,12.0,Contanti
1133,104,3,2025-07-11,09:30:00,Completato,12.0,Contanti
1134,32,5,2025-07-11,11:15:00,Completato,12.0,Satispay
1135,66,1,2025-07-11,11:45:00,Completato,18.0,Carta
1136,13,3,2025-07-11,12:00:00,Completato,12.0,Contanti
1137,99,1,2025-07-11,12:00:00,Completato,18.0,Carta
1138,11,5,2025-07-11,17:15:00,Completato,12.0,Carta
1139,57,2,2025-07-11,17:15:00,Cancellato,0.0,
1140,140,5,2025-07-11,17:30:00,Completato,12.0,Contanti
1141,163,1,2025-07-12,10:00:00,Completato,18.0,Carta
1142,109,1,2025-07-12,10:30:00,Completato,18.0,Satispay
1143,126,1,2025-07-12,11:45:00,Completato,18.0,Contanti
1144,28,1,2025-07-12,15:30:00,Completato,18.0,Satispay
1145,88,2,2025-07-12,18:15:00,Completato,26.0,Carta
1146,89,1,2025-07-12,18:45:00,Completato,18.0,Satispay
1147,71,2,2025-07-12,19:30:00,Completato,20.8,Contanti
1148,34,3,2025-07-15,09:45:00,Completato,12.0,Carta
1149,169,2,2025-07-15,11:00:00,Completato,26.0,Contanti
1150,173,3,2025-07-15,15:30:00,Completato,12.0,Satispay
1151,139,1,2025-07-15,17:15:00,Completato,18.0,Contanti
1152,150,1,2025-07-16,10:45:00,Completato,16.2,Carta
1153,135,1,2025-07-16,12:30:00,No-show,0.0,
1154,159,2,2025-07-16,18:45:00,Completato,26.0,Contanti
1155,12,1,2025-07-17,09:00:00,Completato,18.0,Contanti
1156,117,1,2025-07-17,09:00:00,Completato,18.0,Satispay
1157,18,2,2025-07-17,11:00:00,Completato,26.0,Contanti
1158,174,2,2025-07-17,11:30:00,Completato,26.0,Contanti
1159,74,1,2025-07-18,12:45:00,Completato,18.0,Carta
1160,130,1,2025-07-18,16:30:00,Completato,18.0,Contanti
1161,137,2,2025-07-18,17:45:00,Completato,26.0,Contanti
1162,175,8,2025-07-18,18:45:00,Completato,22.0,Contanti
1163,119,3,2025-07-19,10:30:00,Completato,12.0,Satispay
1164,7,8,2025-07-19,12:45:00,Completato,22.0,Contanti
1165,103,1,2025-07-19,15:00:00,Completato,18.0,Carta
1166,144,5,2025-07-19,17:00:00,Completato,12.0,Carta
1167,101,2,2025-07-19,18:15:00,Completato,26.0,Carta
1168,123,1,2025-07-19,18:15:00,Completato,18.0,Carta
1169,134,3,2025-07-19,18:30:00,Completato,9.6,Contanti
1170,153,3,2025-07-19,18:30:00,Completato,12.0,Carta
1171,171,4,2025-07-19,19:30:00,Completato,15.0,Contanti
1172,62,6,2025-07-22,11:45:00,Completato,10.0,Carta
1173,45,2,2025-07-23,10:45:00,Completato,26.0,Satispay
1174,27,2,2025-07-23,11:15:00,Cancellato,0.0,
1175,40,3,2025-07-23,16:30:00,Completato,12.0,Contanti
1176,164,2,2025-07-23,16:30:00,Completato,23.4,Carta
1177,112,1,2025-07-23,19:45:00,Completato,18.0,Contanti
1178,48,1,2025-07-24,11:00:00,Completato,18.0,Carta
1179,100,7,2025-07-24,11:30:00,Completato,35.0,Contanti
1180,116,3,2025-07-24,12:30:00,Completato,12.0,Carta
1181,121,2,2025-07-24,18:45:00,Completato,26.0,Contanti
1182,133,1,2025-07-24,19:00:00,Completato,18.0,Carta
1183,125,2,2025-07-25,11:30:00,Cancellato,0.0,
1184,69,1,2025-07-25,16:30:00,Completato,16.2,Contanti
1185,19,1,2025-07-25,18:15:00,Completato,16.2,Contanti
1186,32,5,2025-07-25,18:30:00,Completato,12.0,Satispay
1187,177,2,2025-07-25,19:00:00,Completato,26.0,Carta
1188,8,1,2025-07-26,10:15:00,Completato,18.0,Contanti
1189,84,1,2025-07-26,10:15:00,Completato,14.4,Carta
1190,178,5,2025-07-26,10:45:00,Completato,12.0,Contanti
1191,146,6,2025-07-26,12:15:00,Completato,10.0,Carta
1192,149,1,2025-07-26,15:00:00,Completato,18.0,Satispay
1193,156,1,2025-07-26,15:15:00,Completato,18.0,Contanti
1194,136,4,2025-07-26,16:30:00,Completato,15.0,Carta
1195,9,2,2025-07-26,17:30:00,Completato,26.0,Contanti
1196,15,2,2025-07-26,17:30:00,Completato,26.0,Contanti
1197,56,6,2025-07-26,18:30:00,Completato,10.0,Carta
1198,26,2,2025-07-29,10:00:00,Completato,23.4,Satispay
1199,72,1,2025-07-29,10:45:00,Cancellato,0.0,
1200,22,2,2025-07-29,11:45:00,Completato,26.0,Carta
1201,47,2,2025-07-29,17:15:00,Completato,26.0,Contanti
1202,152,1,2025-07-29,18:45:00,Completato,18.0,Contanti
1203,53,2,2025-07-30,11:00:00,Completato,26.0,Contanti
1204,73,3,2025-07-30,11:15:00,Completato,12.0,Carta
1205,159,2,2025-07-30,12:00:00,Completato,26.0,Contanti
1206,57,2,2025-07-30,15:30:00,Completato,26.0,Contanti
1207,161,3,2025-07-30,15:30:00,Completato,12.0,Carta
1208,76,4,2025-07-30,16:00:00,Completato,15.0,Contanti
1209,37,7,2025-07-30,17:15:00,Completato,35.0,Contanti
1210,82,1,2025-07-30,17:30:00,Completato,18.0,Contanti
1211,36,1,2025-07-30,18:15:00,Completato,16.2,Contanti
1212,105,1,2025-07-31,09:30:00,Completato,18.0,Contanti
1213,179,3,2025-07-31,09:45:00,Completato,12.0,Contanti
1214,142,8,2025-07-31,11:15:00,Completato,22.0,Contanti
1215,5,1,2025-07-31,12:45:00,Completato,18.0,Contanti
1216,13,2,2025-07-31,12:45:00,Completato,26.0,Carta
1217,50,2,2025-07-31,17:45:00,Completato,26.0,Carta
1218,89,1,2025-07-31,19:00:00,Completato,18.0,Carta
1219,79,1,2025-08-01,09:45:00,Completato,18.0,Satispay
1220,94,2,2025-08-01,15:45:00,Completato,26.0,Contanti
1221,170,2,2025-08-01,17:45:00,Completato,26.0,Satispay
1222,4,1,2025-08-01,18:00:00,Completato,18.0,Carta
1223,99,1,2025-08-01,19:15:00,Completato,16.2,Contanti
1224,113,2,2025-08-02,15:30:00,Completato,26.0,Satispay
1225,68,1,2025-08-02,19:30:00,Completato,18.0,Contanti
1226,101,2,2025-08-05,12:45:00,No-show,0.0,
1227,96,1,2025-08-06,11:15:00,Completato,18.0,Carta
1228,154,2,2025-08-06,19:15:00,Cancellato,0.0,
1229,175,1,2025-08-07,10:30:00,Completato,18.0,Contanti
1230,151,1,2025-08-07,10:45:00,Completato,18.0,Carta
1231,147,1,2025-08-07,12:15:00,Completato,18.0,Contanti
1232,66,1,2025-08-07,17:45:00,Completato,18.0,Carta
1233,128,4,2025-08-07,18:45:00,Completato,15.0,Satispay
1234,180,1,2025-08-07,19:15:00,Cancellato,0.0,
1235,157,8,2025-08-08,11:45:00,Completato,22.0,Contanti
1236,138,4,2025-08-08,12:00:00,Completato,15.0,Contanti
1237,126,1,2025-08-08,15:45:00,Completato,18.0,Carta
1238,97,1,2025-08-08,17:30:00,Completato,18.0,Contanti
1239,160,1,2025-08-09,09:30:00,Completato,18.0,Contanti
1240,20,7,2025-08-09,10:30:00,Completato,35.0,Carta
1241,117,1,2025-08-09,10:30:00,Completato,18.0,Contanti
1242,143,3,2025-08-09,10:45:00,Completato,9.6,Contanti
1243,139,4,2025-08-09,11:30:00,Cancellato,0.0,
1244,166,4,2025-08-09,12:00:00,Completato,13.5,Satispay
1245,40,1,2025-08-09,12:15:00,Completato,18.0,Contanti
1246,86,2,2025-08-09,12:30:00,Completato,26.0,Carta
1247,115,1,2025-08-09,12:30:00,Completato,18.0,Satispay
1248,153,3,2025-08-09,16:30:00,Completato,12.0,Satispay
1249,181,1,2025-08-09,17:15:00,Completato,16.2,Carta
1250,134,3,2025-08-09,18:00:00,Completato,12.0,Satispay
1251,140,1,2025-08-09,18:00:00,Completato,18.0,Contanti
1252,145,2,2025-08-09,19:30:00,Completato,26.0,Carta
1253,168,1,2025-08-09,19:30:00,Completato,18.0,Contanti
1254,84,1,2025-08-12,11:15:00,Completato,18.0,Contanti
1255,42,1,2025-08-12,19:45:00,Completato,18.0,Carta
1256,172,1,2025-08-13,10:15:00,No-show,0.0,
1257,3,5,2025-08-13,18:45:00,Completato,12.0,Contanti
1258,81,5,2025-08-13,19:15:00,Completato,12.0,Carta
1259,162,2,2025-08-13,19:45:00,Completato,26.0,Contanti
1260,156,1,2025-08-14,09:30:00,Completato,18.0,Carta
1261,137,2,2025-08-14,09:45:00,Completato,26.0,Contanti
1262,7,5,2025-08-14,11:30:00,Completato,12.0,Carta
1263,45,2,2025-08-14,12:00:00,Completato,26.0,Contanti
1264,51,6,2025-08-14,17:15:00,Completato,10.0,Contanti
1265,12,1,2025-08-14,17:30:00,Completato,18.0,Contanti
1266,173,1,2025-08-15,11:15:00,Completato,18.0,Contanti
1267,4,1,2025-08-15,11:30:00,Cancellato,0.0,
1268,176,1,2025-08-15,12:00:00,Completato,18.0,Contanti
1269,18,5,2025-08-15,12:30:00,Completato,12.0,Contanti
1270,150,1,2025-08-15,12:30:00,Completato,18.0,Carta
1271,177,2,2025-08-15,15:30:00,Completato,26.0,Contanti
1272,148,1,2025-08-15,17:15:00,Completato,18.0,Contanti
1273,108,3,2025-08-15,17:45:00,Completato,12.0,Carta
1274,23,1,2025-08-15,18:45:00,Cancellato,0.0,
1275,6,1,2025-08-16,10:15:00,Completato,18.0,Carta
1276,144,1,2025-08-16,11:00:00,Completato,18.0,Contanti
1277,27,1,2025-08-16,15:00:00,Completato,18.0,Carta
1278,165,2,2025-08-16,15:15:00,Completato,26.0,Carta
1279,102,5,2025-08-16,16:30:00,Completato,12.0,Contanti
1280,34,1,2025-08-16,17:45:00,Completato,18.0,Carta
1281,28,2,2025-08-16,18:00:00,Completato,26.0,Contanti
1282,65,1,2025-08-16,18:30:00,Completato,18.0,Satispay
1283,109,2,2025-08-19,12:45:00,Completato,26.0,Contanti
1284,98,3,2025-08-20,11:45:00,Completato,12.0,Contanti
1285,141,8,2025-08-20,17:15:00,Completato,22.0,Satispay
1286,25,1,2025-08-20,19:30:00,Completato,18.0,Contanti
1287,182,2,2025-08-21,10:00:00,No-show,0.0,
1288,58,5,2025-08-21,16:15:00,Completato,12.0,Carta
1289,101,2,2025-08-21,16:30:00,Completato,26.0,Carta
1290,103,1,2025-08-21,18:00:00,Completato,18.0,Contanti
1291,158,1,2025-08-21,18:00:00,Completato,18.0,Contanti
1292,121,2,2025-08-21,18:30:00,Completato,26.0,Satispay
1293,123,2,2025-08-22,09:15:00,Completato,23.4,Contanti
1294,184,1,2025-08-22,11:15:00,Completato,18.0,Satispay
1295,71,2,2025-08-22,15:30:00,Completato,26.0,Carta
1296,26,2,2025-08-22,15:45:00,Completato,26.0,Contanti
1297,107,1,2025-08-22,16:00:00,Completato,18.0,Carta
1298,161,3,2025-08-22,16:00:00,Completato,12.0,Carta
1299,62,6,2025-08-22,17:45:00,Completato,9.0,Contanti
1300,32,3,2025-08-22,18:30:00,Completato,12.0,Carta
1301,116,3,2025-08-22,18:30:00,Completato,12.0,Contanti
1302,135,1,2025-08-22,18:30:00,No-show,0.0,
1303,119,3,2025-08-23,10:00:00,Completato,12.0,Carta
1304,159,2,2025-08-23,11:45:00,Completato,26.0,Carta
1305,183,3,2025-08-23,15:45:00,Cancellato,0.0,
1306,22,2,2025-08-23,16:00:00,Completato,26.0,Carta
1307,112,2,2025-08-23,17:00:00,Completato,26.0,Carta
1308,151,4,2025-08-23,17:30:00,Completato,15.0,Carta
1309,78,1,2025-08-23,17:45:00,Completato,18.0,Carta
1310,88,2,2025-08-23,18:30:00,Completato,26.0,Satispay
1311,180,1,2025-08-26,09:45:00,No-show,0.0,
1312,37,6,2025-08-26,10:15:00,Completato,10.0,Carta
1313,57,6,2025-08-26,15:30:00,Completato,10.0,Carta
1314,30,2,2025-08-26,16:30:00,Completato,26.0,Carta
1315,178,5,2025-08-26,17:00:00,Completato,9.6,Contanti
1316,4,1,2025-08-27,09:30:00,Completato,18.0,Satispay
1317,82,1,2025-08-27,11:15:00,Completato,18.0,Satispay
1318,181,1,2025-08-27,15:15:00,Completato,14.4,Contanti
1319,164,2,2025-08-28,11:00:00,Completato,26.0,Contanti
1320,41,1,2025-08-28,12:15:00,Completato,18.0,Contanti
1321,133,2,2025-08-28,17:15:00,Completato,26.0,Carta
1322,100,7,2025-08-29,09:30:00,Completato,35.0,Contanti
1323,69,1,2025-08-29,10:15:00,Completato,18.0,Contanti
1324,163,1,2025-08-29,10:45:00,Completato,18.0,Contanti
1325,170,2,2025-08-29,11:00:00,Completato,26.0,Contanti
1326,113,2,2025-08-29,16:15:00,Completato,26.0,Satispay
1327,66,1,2025-08-29,18:00:00,Cancellato,0.0,
1328,126,2,2025-08-29,19:00:00,Completato,26.0,Contanti
1329,40,1,2025-08-29,19:15:00,Completato,18.0,Satispay
1330,168,1,2025-08-30,11:30:00,Completato,18.0,Contanti
1331,59,3,2025-08-30,15:00:00,Completato,12.0,Carta
1332,36,1,2025-08-30,16:45:00,Completato,16.2,Satispay
1333,23,3,2025-08-30,17:45:00,Completato,12.0,Carta
1334,130,1,2025-08-30,18:15:00,Completato,18.0,Contanti
1335,144,1,2025-09-02,12:00:00,Completato,14.4,Contanti
1336,139,1,2025-09-02,12:30:00,Completato,18.0,Contanti
1337,73,1,2025-09-02,17:15:00,Completato,18.0,Contanti
1338,74,1,2025-09-02,19:30:00,Completato,18.0,Carta
1339,115,5,2025-09-03,09:45:00,Completato,12.0,Contanti
1340,151,1,2025-09-03,10:30:00,Completato,18.0,Contanti
1341,9,2,2025-09-03,11:45:00,Completato,26.0,Contanti
1342,6,2,2025-09-03,16:30:00,Completato,26.0,Contanti
1343,142,6,2025-09-04,10:00:00,Completato,10.0,Contanti
1344,152,2,2025-09-04,10:45:00,Completato,26.0,Contanti
1345,140,5,2025-09-04,16:30:00,Completato,12.0,Carta
1346,34,8,2025-09-04,16:45:00,Completato,22.0,Contanti
1347,184,1,2025-09-04,17:45:00,Completato,18.0,Contanti
1348,162,2,2025-09-04,18:30:00,Completato,26.0,Carta
1349,195,1,2025-09-05,09:15:00,Completato,18.0,Satispay
1350,76,1,2025-09-05,09:30:00,Completato,14.4,Contanti
1351,136,4,2025-09-05,12:45:00,Completato,15.0,Contanti
1352,13,2,2025-09-05,16:00:00,Completato,26.0,Contanti
1353,165,3,2025-09-05,16:15:00,Completato,12.0,Contanti
1354,5,1,2025-09-05,16:45:00,Completato,18.0,Satispay
1355,149,1,2025-09-05,17:00:00,No-show,0.0,
1356,18,5,2025-09-05,17:15:00,Completato,12.0,Satispay
1357,134,3,2025-09-05,17:45:00,Completato,9.6,Satispay
1358,99,2,2025-09-05,18:30:00,Completato,26.0,Carta
1359,179,3,2025-09-06,10:15:00,Completato,12.0,Contanti
1360,62,6,2025-09-06,10:30:00,No-show,0.0,
1361,104,6,2025-09-06,10:45:00,Completato,10.0,Contanti
1362,91,1,2025-09-06,12:00:00,Completato,18.0,Contanti
1363,50,3,2025-09-06,16:15:00,Completato,12.0,Carta
1364,94,2,2025-09-06,16:15:00,Completato,26.0,Contanti
1365,68,1,2025-09-06,16:30:00,Completato,18.0,Contanti
1366,187,1,2025-09-06,16:30:00,No-show,0.0,
1367,27,2,2025-09-06,17:00:00,Completato,26.0,Contanti
1368,147,1,2025-09-06,17:45:00,Completato,16.2,Contanti
1369,117,1,2025-09-06,18:00:00,Completato,18.0,Contanti
1370,137,2,2025-09-06,18:30:00,Completato,26.0,Contanti
1371,58,5,2025-09-09,11:30:00,Completato,12.0,Satispay
1372,89,2,2025-09-09,16:45:00,Completato,26.0,Contanti
1373,175,1,2025-09-09,18:30:00,No-show,0.0,
1374,128,4,2025-09-09,19:45:00,Completato,15.0,Contanti
1375,177,2,2025-09-10,17:00:00,Completato,20.8,Carta
1376,190,1,2025-09-11,10:30:00,Completato,18.0,Carta
1377,146,6,2025-09-11,11:00:00,Completato,10.0,Contanti
1378,69,1,2025-09-11,11:45:00,Completato,18.0,Carta
1379,180,1,2025-09-12,16:45:00,Cancellato,0.0,
1380,32,3,2025-09-12,17:15:00,Completato,9.6,Carta
1381,194,1,2025-09-12,17:15:00,Completato,18.0,Contanti
1382,157,8,2025-09-13,10:00:00,Completato,22.0,Contanti
1383,186,1,2025-09-13,10:30:00,No-show,0.0,
1384,71,2,2025-09-13,10:45:00,Completato,26.0,Carta
1385,181,1,2025-09-13,11:00:00,Completato,18.0,Contanti
1386,84,1,2025-09-13,11:15:00,Completato,18.0,Contanti
1387,145,1,2025-09-13,12:00:00,Completato,18.0,Carta
1388,174,2,2025-09-13,12:45:00,Completato,26.0,Contanti
1389,196,2,2025-09-13,15:00:00,Completato,26.0,Carta
1390,164,2,2025-09-13,15:30:00,Completato,26.0,Contanti
1391,11,5,2025-09-13,15:45:00,Completato,12.0,Contanti
1392,154,2,2025-09-13,15:45:00,Completato,26.0,Carta
1393,22,2,2025-09-13,16:00:00,Completato,26.0,Contanti
1394,45,2,2025-09-13,16:00:00,Completato,26.0,Carta
1395,79,1,2025-09-13,17:30:00,Completato,18.0,Contanti
1396,12,1,2025-09-13,17:45:00,Completato,18.0,Contanti
1397,169,3,2025-09-13,17:45:00,Completato,12.0,Contanti
1398,7,1,2025-09-13,18:30:00,Completato,18.0,Contanti
1399,135,1,2025-09-16,16:45:00,Completato,18.0,Contanti
1400,101,2,2025-09-17,10:45:00,Completato,26.0,Contanti
1401,143,3,2025-09-17,15:00:00,Completato,12.0,Carta
1402,82,1,2025-09-18,16:15:00,Completato,18.0,Satispay
1403,191,7,2025-09-18,19:30:00,Completato,35.0,Carta
1404,112,2,2025-09-19,10:15:00,Completato,26.0,Satispay
1405,176,1,2025-09-19,10:30:00,Cancellato,0.0,
1406,51,6,2025-09-19,10:45:00,Completato,10.0,Satispay
1407,36,2,2025-09-19,15:30:00,Completato,26.0,Contanti
1408,152,3,2025-09-19,17:00:00,Completato,12.0,Contanti
1409,183,5,2025-09-19,18:15:00,Completato,9.6,Carta
1410,189,8,2025-09-20,09:00:00,Completato,22.0,Contanti
1411,15,2,2025-09-20,10:00:00,Completato,26.0,Contanti
1412,150,2,2025-09-20,16:15:00,Completato,20.8,Carta
1413,26,2,2025-09-20,17:45:00,Completato,26.0,Contanti
1414,34,8,2025-09-20,17:45:00,Completato,22.0,Contanti
1415,116,2,2025-09-20,18:15:00,Completato,26.0,Satispay
1416,4,1,2025-09-20,18:45:00,Completato,18.0,Carta
1417,56,6,2025-09-20,19:45:00,Completato,10.0,Carta
1418,153,3,2025-09-23,09:00:00,Completato,12.0,Carta
1419,193,1,2025-09-23,12:00:00,Completato,18.0,Carta
1420,102,5,2025-09-23,12:45:00,Completato,12.0,Satispay
1421,50,3,2025-09-23,16:00:00,Completato,12.0,Carta
1422,37,6,2025-09-23,16:15:00,Completato,10.0,Satispay
1423,168,1,2025-09-24,09:00:00,Completato,18.0,Carta
1424,137,1,2025-09-24,10:15:00,Completato,18.0,Contanti
1425,3,1,2025-09-24,10:30:00,Completato,18.0,Contanti
1426,84,1,2025-09-25,09:00:00,Completato,18.0,Carta
1427,196,2,2025-09-25,11:00:00,No-show,0.0,
1428,96,1,2025-09-25,15:30:00,Completato,18.0,Satispay
1429,108,1,2025-09-25,16:00:00,Completato,18.0,Contanti
1430,121,2,2025-09-25,16:00:00,Completato,26.0,Carta
1431,188,7,2025-09-25,16:30:00,Cancellato,0.0,
1432,136,4,2025-09-25,17:00:00,No-show,0.0,
1433,138,7,2025-09-25,17:00:00,Completato,35.0,Contanti
1434,97,1,2025-09-25,17:45:00,Completato,18.0,Contanti
1435,161,3,2025-09-25,17:45:00,Completato,12.0,Carta
1436,27,1,2025-09-26,10:15:00,Completato,18.0,Satispay
1437,180,1,2025-09-26,10:30:00,Completato,18.0,Satispay
1438,151,1,2025-09-26,12:45:00,Completato,18.0,Contanti
1439,20,7,2025-09-26,15:15:00,Completato,35.0,Carta
1440,173,3,2025-09-26,16:00:00,Completato,12.0,Contanti
1441,192,2,2025-09-26,16:00:00,Completato,26.0,Contanti
1442,185,2,2025-09-26,18:15:00,Completato,26.0,Contanti
1443,76,3,2025-09-26,18:30:00,Completato,12.0,Carta
1444,72,1,2025-09-27,09:15:00,Completato,18.0,Contanti
1445,57,2,2025-09-27,11:30:00,Completato,26.0,Carta
1446,147,1,2025-09-27,12:00:00,Cancellato,0.0,
1447,86,5,2025-09-27,12:15:00,Cancellato,0.0,
1448,40,6,2025-09-27,12:45:00,Completato,10.0,Contanti
1449,18,5,2025-09-27,15:15:00,Completato,12.0,Satispay
1450,187,1,2025-09-27,16:15:00,Completato,18.0,Satispay
1451,140,5,2025-09-27,16:30:00,Completato,9.6,Satispay
1452,28,1,2025-09-27,17:15:00,Completato,18.0,Carta
1453,66,2,2025-09-27,19:15:00,Completato,26.0,Satispay
1454,81,5,2025-09-30,12:00:00,Completato,12.0,Contanti
1455,91,1,2025-09-30,12:00:00,Completato,18.0,Satispay
1456,119,3,2025-09-30,12:45:00,Completato,12.0,Carta
1457,171,4,2025-09-30,17:45:00,Completato,15.0,Carta
1458,117,1,2025-10-01,10:30:00,Completato,18.0,Contanti
1459,182,2,2025-10-01,15:00:00,Completato,26.0,Contanti
1460,7,3,2025-10-01,18:15:00,Completato,12.0,Contanti
1461,8,1,2025-10-01,19:30:00,Completato,18.0,Carta
1462,123,4,2025-10-02,09:00:00,Completato,15.0,Carta
1463,65,1,2025-10-02,11:15:00,Completato,18.0,Contanti
1464,178,1,2025-10-02,18:30:00,Completato,18.0,Contanti
1465,13,2,2025-10-02,19:45:00,Completato,26.0,Contanti
1466,100,7,2025-10-03,09:00:00,Completato,35.0,Contanti
1467,202,3,2025-10-03,09:15:00,Completato,12.0,Carta
1468,89,1,2025-10-03,09:45:00,Completato,14.4,Contanti
1469,130,1,2025-10-03,10:00:00,No-show,0.0,
1470,99,5,2025-10-03,10:30:00,Completato,12.0,Carta
1471,113,2,2025-10-03,10:45:00,Completato,26.0,Carta
1472,200,5,2025-10-03,11:30:00,Completato,12.0,Contanti
1473,134,3,2025-10-03,12:30:00,Completato,12.0,Carta
1474,42,6,2025-10-03,15:45:00,Completato,10.0,Carta
1475,82,1,2025-10-03,17:00:00,Completato,14.4,Satispay
1476,177,2,2025-10-03,18:00:00,Completato,26.0,Carta
1477,154,2,2025-10-04,09:00:00,Completato,26.0,Contanti
1478,135,1,2025-10-04,09:15:00,Completato,18.0,Contanti
1479,198,3,2025-10-04,10:00:00,Completato,12.0,Satispay
1480,174,2,2025-10-04,11:45:00,Completato,26.0,Carta
1481,194,1,2025-10-04,15:00:00,Completato,16.2,Carta
1482,32,5,2025-10-04,16:15:00,Completato,12.0,Carta
1483,141,1,2025-10-04,16:15:00,Cancellato,0.0,
1484,160,3,2025-10-04,16:15:00,Completato,12.0,Satispay
1485,88,1,2025-10-04,17:30:00,Completato,18.0,Carta
1486,203,1,2025-10-04,17:30:00,Completato,18.0,Carta
1487,22,1,2025-10-04,19:15:00,Completato,18.0,Carta
1488,6,2,2025-10-04,19:45:00,Completato,26.0,Satispay
1489,165,2,2025-10-07,17:30:00,Completato,26.0,Contanti
1490,45,2,2025-10-08,12:00:00,Completato,26.0,Contanti
1491,101,2,2025-10-08,15:30:00,Cancellato,0.0,
1492,30,2,2025-10-08,19:30:00,Completato,26.0,Contanti
1493,206,2,2025-10-09,19:30:00,Completato,26.0,Carta
1494,23,1,2025-10-10,12:30:00,Completato,18.0,Carta
1495,115,1,2025-10-10,15:45:00,Completato,18.0,Carta
1496,179,2,2025-10-10,16:00:00,Completato,26.0,Contanti
1497,205,2,2025-10-10,16:15:00,Completato,26.0,Contanti
1498,199,1,2025-10-10,18:45:00,Completato,18.0,Satispay
1499,5,1,2025-10-11,09:30:00,No-show,0.0,
1500,201,3,2025-10-11,10:15:00,No-show,0.0,
1501,3,5,2025-10-11,10:30:00,Completato,12.0,Satispay
1502,74,2,2025-10-11,10:45:00,Completato,26.0,Carta
1503,191,1,2025-10-11,11:30:00,Completato,18.0,Carta
1504,4,1,2025-10-11,16:30:00,Completato,18.0,Carta
1505,73,2,2025-10-11,16:45:00,Completato,26.0,Contanti
1506,107,1,2025-10-11,17:00:00,Completato,18.0,Contanti
1507,26,2,2025-10-11,17:30:00,Cancellato,0.0,
1508,137,2,2025-10-11,17:45:00,Completato,26.0,Contanti
1509,144,1,2025-10-11,17:45:00,Cancellato,0.0,
1510,71,2,2025-10-11,18:15:00,Completato,26.0,Carta
1511,148,1,2025-10-11,18:45:00,Completato,18.0,Contanti
1512,41,1,2025-10-14,12:45:00,Completato,18.0,Contanti
1513,126,1,2025-10-14,15:00:00,Completato,18.0,Carta
1514,34,8,2025-10-14,15:15:00,Completato,22.0,Carta
1515,161,6,2025-10-14,15:30:00,Completato,10.0,Carta
1516,195,2,2025-10-14,17:15:00,Completato,26.0,Carta
1517,104,4,2025-10-15,11:00:00,Completato,15.0,Satispay
1518,13,2,2025-10-15,19:15:00,Completato,26.0,Contanti
1519,145,1,2025-10-16,11:30:00,Completato,14.4,Contanti
1520,164,2,2025-10-16,11:30:00,Completato,26.0,Carta
1521,146,6,2025-10-16,16:00:00,Completato,10.0,Carta
1522,169,5,2025-10-16,17:15:00,Completato,12.0,Satispay
1523,158,1,2025-10-16,17:45:00,Cancellato,0.0,
1524,62,6,2025-10-17,11:45:00,No-show,0.0,
1525,128,6,2025-10-17,16:45:00,Completato,10.0,Contanti
1526,37,1,2025-10-17,17:30:00,Cancellato,0.0,
1527,149,1,2025-10-17,17:30:00,Completato,18.0,Contanti
1528,103,1,2025-10-17,18:00:00,Completato,18.0,Carta
1529,36,1,2025-10-18,09:45:00,Completato,18.0,Carta
1530,196,2,2025-10-18,10:45:00,No-show,0.0,
1531,50,3,2025-10-18,11:00:00,Completato,12.0,Contanti
1532,57,2,2025-10-18,12:30:00,Completato,26.0,Carta
1533,78,1,2025-10-18,12:30:00,Completato,18.0,Contanti
1534,153,3,2025-10-18,16:00:00,Completato,12.0,Contanti
1535,135,1,2025-10-18,16:30:00,Completato,18.0,Contanti
1536,69,1,2025-10-18,16:45:00,Completato,18.0,Satispay
1537,112,2,2025-10-18,17:00:00,Completato,26.0,Carta
1538,40,1,2025-10-18,17:15:00,Completato,18.0,Contanti
1539,99,1,2025-10-18,18:30:00,Completato,18.0,Carta
1540,94,2,2025-10-18,18:45:00,Completato,26.0,Contanti
1541,184,1,2025-10-18,18:45:00,Completato,18.0,Contanti
1542,58,1,2025-10-18,19:30:00,Completato,18.0,Contanti
1543,197,4,2025-10-21,15:30:00,Completato,15.0,Contanti
1544,51,6,2025-10-21,19:15:00,Completato,10.0,Carta
1545,15,2,2025-10-22,09:00:00,Completato,26.0,Contanti
1546,84,1,2025-10-22,09:45:00,Completato,18.0,Contanti
1547,116,4,2025-10-22,10:45:00,Completato,15.0,Contanti
1548,157,8,2025-10-22,11:00:00,Completato,22.0,Satispay
1549,139,1,2025-10-22,11:45:00,Cancellato,0.0,
1550,82,1,2025-10-23,09:15:00,Completato,18.0,Carta
1551,28,1,2025-10-23,11:15:00,Completato,18.0,Carta
1552,152,1,2025-10-23,17:00:00,No-show,0.0,
1553,187,1,2025-10-23,17:15:00,Completato,18.0,Carta
1554,204,3,2025-10-23,18:30:00,Cancellato,0.0,
1555,194,7,2025-10-23,18:45:00,Completato,35.0,Contanti
1556,203,5,2025-10-24,11:00:00,Completato,12.0,Contanti
1557,151,1,2025-10-24,12:45:00,Completato,18.0,Carta
1558,76,1,2025-10-24,15:00:00,Completato,18.0,Contanti
1559,27,1,2025-10-24,16:15:00,Cancellato,0.0,
1560,45,2,2025-10-24,16:30:00,Completato,20.8,Satispay
1561,140,5,2025-10-24,17:45:00,Completato,12.0,Carta
1562,183,5,2025-10-24,18:00:00,Completato,12.0,Contanti
1563,7,2,2025-10-24,18:15:00,Completato,26.0,Carta
1564,190,6,2025-10-24,19:15:00,Completato,10.0,Contanti
1565,142,6,2025-10-25,09:45:00,Completato,10.0,Carta
1566,180,1,2025-10-25,10:30:00,Completato,18.0,Contanti
1567,101,2,2025-10-25,11:15:00,No-show,0.0,
1568,193,7,2025-10-25,11:15:00,Completato,35.0,Contanti
1569,22,2,2025-10-25,12:30:00,Completato,26.0,Carta
1570,147,1,2025-10-25,12:30:00,Completato,18.0,Carta
1571,143,3,2025-10-25,12:45:00,Completato,12.0,Contanti
1572,177,1,2025-10-25,18:15:00,Completato,18.0,Contanti
1573,18,5,2025-10-25,19:00:00,Completato,12.0,Contanti
1574,108,1,2025-10-25,19:15:00,Completato,18.0,Carta
1575,163,1,2025-10-25,19:30:00,Completato,18.0,Satispay
1576,72,1,2025-10-28,11:45:00,Completato,18.0,Carta
1577,134,3,2025-10-28,12:00:00,Completato,12.0,Carta
1578,12,1,2025-10-28,12:30:00,Completato,18.0,Satispay
1579,181,1,2025-10-28,15:15:00,Completato,18.0,Satispay
1580,68,1,2025-10-28,15:30:00,Completato,18.0,Carta
1581,66,1,2025-10-29,10:30:00,Completato,18.0,Carta
1582,100,7,2025-10-29,12:00:00,Completato,35.0,Satispay
1583,188,7,2025-10-29,12:30:00,Completato,35.0,Satispay
1584,162,2,2025-10-29,18:45:00,Completato,26.0,Carta
1585,117,1,2025-10-30,09:00:00,Completato,16.2,Contanti
1586,189,8,2025-10-30,10:30:00,Completato,22.0,Carta
1587,173,3,2025-10-31,11:00:00,Completato,12.0,Satispay
1588,119,3,2025-10-31,12:15:00,Completato,12.0,Carta
1589,176,1,2025-10-31,16:00:00,Completato,18.0,Carta
1590,213,2,2025-10-31,16:15:00,Completato,26.0,Contanti
1591,86,2,2025-10-31,16:30:00,Completato,20.8,Carta
1592,138,4,2025-10-31,17:45:00,Completato,15.0,Satispay
1593,217,2,2025-11-01,10:30:00,Completato,26.0,Satispay
1594,32,5,2025-11-01,11:30:00,Completato,12.0,Carta
1595,211,2,2025-11-01,12:00:00,Completato,26.0,Contanti
1596,5,1,2025-11-01,12:30:00,Completato,18.0,Contanti
1597,27,1,2025-11-01,18:30:00,Completato,18.0,Contanti
1598,186,1,2025-11-04,11:45:00,Cancellato,0.0,
1599,130,1,2025-11-04,16:45:00,Completato,18.0,Satispay
1600,115,1,2025-11-05,11:45:00,Completato,18.0,Satispay
1601,101,6,2025-11-05,12:00:00,Completato,10.0,Satispay
1602,107,1,2025-11-05,12:45:00,Completato,18.0,Satispay
1603,6,2,2025-11-05,16:00:00,Completato,26.0,Satispay
1604,137,2,2025-11-05,16:00:00,Completato,23.4,Contanti
1605,113,5,2025-11-05,16:45:00,Cancellato,0.0,
1606,136,4,2025-11-05,17:00:00,Completato,15.0,Carta
1607,196,1,2025-11-05,19:00:00,Completato,18.0,Contanti
1608,194,1,2025-11-06,11:00:00,Completato,18.0,Contanti
1609,200,1,2025-11-06,12:00:00,Completato,18.0,Carta
1610,199,4,2025-11-06,12:15:00,Completato,15.0,Contanti
1611,135,1,2025-11-06,16:30:00,Completato,18.0,Contanti
1612,79,2,2025-11-06,17:00:00,Cancellato,0.0,
1613,26,2,2025-11-06,17:15:00,Completato,26.0,Carta
1614,34,3,2025-11-06,17:45:00,Completato,12.0,Satispay
1615,178,5,2025-11-06,18:45:00,Completato,12.0,Carta
1616,179,1,2025-11-07,10:15:00,Completato,18.0,Contanti
1617,145,1,2025-11-07,11:00:00,Completato,18.0,Carta
1618,212,1,2025-11-07,16:00:00,Completato,18.0,Carta
1619,216,2,2025-11-07,18:00:00,Completato,26.0,Satispay
1620,3,5,2025-11-07,18:45:00,Completato,12.0,Carta
1621,121,2,2025-11-08,10:15:00,No-show,0.0,
1622,161,3,2025-11-08,11:30:00,Completato,12.0,Carta
1623,198,3,2025-11-08,12:15:00,Completato,12.0,Contanti
1624,168,1,2025-11-08,12:45:00,Completato,18.0,Carta
1625,208,6,2025-11-08,16:00:00,Completato,10.0,Carta
1626,11,5,2025-11-08,16:15:00,Completato,12.0,Satispay
1627,7,8,2025-11-08,17:00:00,Completato,22.0,Carta
1628,123,1,2025-11-08,17:15:00,Cancellato,0.0,
1629,18,5,2025-11-08,18:30:00,Completato,12.0,Carta
1630,81,7,2025-11-08,18:30:00,Completato,31.5,Carta
1631,207,4,2025-11-08,19:45:00,Completato,15.0,Contanti
1632,140,5,2025-11-11,16:00:00,Completato,12.0,Carta
1633,57,2,2025-11-11,19:45:00,Completato,26.0,Contanti
1634,96,1,2025-11-12,09:00:00,Completato,18.0,Contanti
1635,144,1,2025-11-12,12:00:00,Completato,18.0,Satispay
1636,69,1,2025-11-12,12:30:00,No-show,0.0,
1637,97,1,2025-11-12,12:30:00,Cancellato,0.0,
1638,74,2,2025-11-12,19:15:00,Completato,26.0,Carta
1639,141,8,2025-11-12,19:45:00,Completato,22.0,Carta
1640,102,5,2025-11-13,10:00:00,Completato,12.0,Satispay
1641,84,1,2025-11-13,11:15:00,Completato,18.0,Carta
1642,153,1,2025-11-13,11:30:00,No-show,0.0,
1643,164,2,2025-11-13,12:00:00,Cancellato,0.0,
1644,201,8,2025-11-13,16:00:00,Completato,17.6,Carta
1645,152,1,2025-11-13,18:00:00,Completato,18.0,Carta
1646,139,1,2025-11-14,09:00:00,Completato,18.0,Contanti
1647,40,1,2025-11-14,11:15:00,Completato,18.0,Contanti
1648,4,1,2025-11-14,18:00:00,Completato,18.0,Carta
1649,59,2,2025-11-14,18:30:00,Completato,26.0,Contanti
1650,13,2,2025-11-15,09:15:00,Cancellato,0.0,
1651,28,2,2025-11-15,09:45:00,Completato,26.0,Carta
1652,202,2,2025-11-15,11:15:00,Completato,26.0,Contanti
1653,190,4,2025-11-15,12:00:00,Completato,15.0,Carta
1654,174,2,2025-11-15,12:15:00,Completato,26.0,Carta
1655,126,1,2025-11-15,12:30:00,Completato,18.0,Carta
1656,205,2,2025-11-15,15:30:00,Completato,26.0,Satispay
1657,73,2,2025-11-15,17:30:00,Completato,26.0,Satispay
1658,204,3,2025-11-15,17:30:00,Completato,12.0,Contanti
1659,42,5,2025-11-15,18:15:00,Completato,12.0,Contanti
1660,192,1,2025-11-15,19:45:00,Completato,18.0,Contanti
1661,158,1,2025-11-18,10:45:00,Completato,18.0,Contanti
1662,210,5,2025-11-18,12:15:00,Completato,12.0,Contanti
1663,65,1,2025-11-18,15:30:00,Completato,18.0,Carta
1664,217,3,2025-11-18,16:30:00,Completato,12.0,Contanti
1665,184,1,2025-11-19,09:00:00,Completato,18.0,Carta
1666,58,5,2025-11-19,11:00:00,Completato,12.0,Contanti
1667,82,1,2025-11-19,11:30:00,Completato,14.4,Carta
1668,165,1,2025-11-19,17:45:00,Completato,18.0,Contanti
1669,32,5,2025-11-19,19:15:00,Completato,12.0,Satispay
1670,62,6,2025-11-19,19:15:00,Completato,10.0,Contanti
1671,193,7,2025-11-20,09:45:00,Completato,35.0,Carta
1672,209,3,2025-11-20,11:30:00,Completato,12.0,Contanti
1673,181,1,2025-11-20,18:30:00,Completato,18.0,Carta
1674,214,2,2025-11-21,10:00:00,Completato,26.0,Contanti
1675,50,3,2025-11-21,10:15:00,Completato,12.0,Carta
1676,22,2,2025-11-21,11:15:00,Completato,26.0,Carta
1677,171,6,2025-11-21,11:30:00,Completato,10.0,Contanti
1678,142,3,2025-11-21,15:15:00,Completato,12.0,Carta
1679,26,2,2025-11-21,18:45:00,Completato,26.0,Carta
1680,107,1,2025-11-21,18:45:00,Completato,18.0,Contanti
1681,183,5,2025-11-21,18:45:00,Completato,12.0,Contanti
1682,182,2,2025-11-22,09:30:00,Completato,26.0,Contanti
1683,177,2,2025-11-22,10:45:00,Completato,26.0,Satispay
1684,187,1,2025-11-22,10:45:00,Completato,18.0,Carta
1685,128,4,2025-11-22,12:00:00,Completato,12.0,Carta
1686,37,6,2025-11-22,12:45:00,Completato,10.0,Contanti
1687,56,6,2025-11-22,12:45:00,Completato,10.0,Contanti
1688,30,1,2025-11-22,15:00:00,Completato,18.0,Satispay
1689,191,1,2025-11-22,16:00:00,Completato,18.0,Carta
1690,36,3,2025-11-22,16:15:00,Completato,12.0,Satispay
1691,101,2,2025-11-22,16:45:00,Completato,26.0,Carta
1692,186,3,2025-11-22,17:00:00,Completato,12.0,Carta
1693,117,1,2025-11-22,19:00:00,No-show,0.0,
1694,66,1,2025-11-25,10:15:00,Completato,18.0,Satispay
1695,34,5,2025-11-25,17:45:00,Completato,12.0,Contanti
1696,88,2,2025-11-26,11:45:00,Completato,26.0,Contanti
1697,215,5,2025-11-27,10:30:00,Completato,12.0,Contanti
1698,139,1,2025-11-27,11:00:00,Completato,18.0,Carta
1699,203,5,2025-11-27,12:45:00,Completato,12.0,Carta
1700,119,1,2025-11-27,16:15:00,Cancellato,0.0,
1701,196,2,2025-11-27,16:15:00,Completato,23.4,Contanti
1702,103,1,2025-11-28,10:30:00,Completato,18.0,Carta
1703,149,1,2025-11-28,18:00:00,Completato,18.0,Contanti
1704,195,1,2025-11-28,19:00:00,Completato,18.0,Contanti
1705,40,1,2025-11-28,19:15:00,Completato,18.0,Carta
1706,137,2,2025-11-28,19:15:00,Cancellato,0.0,
1707,45,2,2025-11-28,19:30:00,No-show,0.0,
1708,213,2,2025-11-28,19:30:00,Completato,26.0,Carta
1709,99,1,2025-11-29,11:15:00,Completato,18.0,Carta
1710,200,1,2025-11-29,15:45:00,Completato,18.0,Carta
1711,194,3,2025-11-29,16:30:00,Completato,12.0,Carta
1712,185,2,2025-11-29,17:30:00,Completato,26.0,Satispay
1713,220,1,2025-11-29,18:30:00,No-show,0.0,
1714,27,1,2025-11-29,18:45:00,Completato,18.0,Carta
1715,211,1,2025-11-29,19:45:00,Completato,18.0,Contanti
1716,4,1,2025-12-02,11:30:00,Completato,18.0,Contanti
1717,152,1,2025-12-02,18:15:00,Completato,18.0,Carta
1718,145,1,2025-12-02,18:45:00,Completato,18.0,Carta
1719,168,1,2025-12-02,18:45:00,Completato,18.0,Carta
1720,180,1,2025-12-03,09:00:00,Completato,18.0,Carta
1721,176,1,2025-12-03,17:15:00,Completato,18.0,Satispay
1722,135,1,2025-12-03,18:00:00,Completato,18.0,Contanti
1723,160,3,2025-12-04,12:45:00,Completato,10.8,Satispay
1724,228,5,2025-12-04,15:45:00,Completato,12.0,Carta
1725,94,3,2025-12-04,17:15:00,Completato,12.0,Carta
1726,76,1,2025-12-04,17:30:00,Completato,18.0,Satispay
1727,164,2,2025-12-04,18:30:00,Completato,20.8,Carta
1728,5,3,2025-12-04,18:45:00,Completato,12.0,Carta
1729,161,1,2025-12-04,19:45:00,Completato,18.0,Carta
1730,146,6,2025-12-05,11:15:00,Completato,10.0,Carta
1731,18,5,2025-12-05,11:30:00,Completato,12.0,Satispay
1732,41,1,2025-12-05,11:45:00,Completato,18.0,Carta
1733,7,8,2025-12-05,15:30:00,Cancellato,0.0,
1734,6,2,2025-12-05,17:30:00,Completato,26.0,Contanti
1735,100,1,2025-12-05,18:15:00,Completato,18.0,Contanti
1736,108,1,2025-12-05,18:15:00,Completato,18.0,Contanti
1737,232,1,2025-12-05,18:15:00,Completato,18.0,Contanti
1738,208,6,2025-12-05,18:30:00,Cancellato,0.0,
1739,148,1,2025-12-05,19:45:00,Completato,18.0,Contanti
1740,26,2,2025-12-06,09:30:00,Completato,26.0,Carta
1741,173,3,2025-12-06,10:00:00,Completato,10.8,Contanti
1742,147,1,2025-12-06,10:15:00,Completato,18.0,Contanti
1743,68,1,2025-12-06,10:45:00,Completato,18.0,Contanti
1744,73,2,2025-12-06,10:45:00,Completato,26.0,Carta
1745,222,3,2025-12-06,12:30:00,Cancellato,0.0,
1746,32,5,2025-12-06,15:30:00,Completato,12.0,Contanti
1747,181,1,2025-12-06,16:45:00,Completato,14.4,Contanti
1748,130,1,2025-12-09,09:30:00,Completato,18.0,Satispay
1749,121,2,2025-12-09,12:15:00,Completato,26.0,Contanti
1750,210,1,2025-12-09,15:00:00,Completato,18.0,Contanti
1751,136,4,2025-12-10,10:00:00,Completato,15.0,Satispay
1752,183,5,2025-12-10,10:15:00,Completato,12.0,Contanti
1753,84,1,2025-12-10,11:30:00,Completato,18.0,Carta
1754,198,3,2025-12-10,12:15:00,Completato,12.0,Contanti
1755,177,2,2025-12-10,16:45:00,Completato,26.0,Carta
1756,204,3,2025-12-10,17:30:00,Completato,12.0,Contanti
1757,194,3,2025-12-10,17:45:00,No-show,0.0,
1758,72,3,2025-12-10,18:00:00,Completato,12.0,Carta
1759,224,1,2025-12-10,19:15:00,Completato,18.0,Carta
1760,3,5,2025-12-11,10:30:00,Cancellato,0.0,
1761,34,8,2025-12-11,11:15:00,Completato,22.0,Carta
1762,91,1,2025-12-11,15:30:00,Completato,18.0,Contanti
1763,143,3,2025-12-11,18:45:00,Completato,12.0,Contanti
1764,99,1,2025-12-12,10:00:00,Completato,16.2,Carta
1765,69,1,2025-12-12,11:45:00,Completato,18.0,Carta
1766,140,5,2025-12-12,12:15:00,Cancellato,0.0,
1767,138,4,2025-12-12,12:30:00,Completato,15.0,Carta
1768,50,3,2025-12-12,16:45:00,Completato,12.0,Contanti
1769,20,5,2025-12-12,18:30:00,Completato,12.0,Carta
1770,137,6,2025-12-12,18:30:00,Completato,10.0,Contanti
1771,36,2,2025-12-13,09:15:00,Completato,26.0,Satispay
1772,119,3,2025-12-13,11:00:00,Cancellato,0.0,
1773,126,1,2025-12-13,11:00:00,Completato,18.0,Contanti
1774,214,2,2025-12-13,12:00:00,Cancellato,0.0,
1775,154,4,2025-12-13,16:15:00,Completato,15.0,Satispay
1776,101,2,2025-12-13,18:00:00,Completato,26.0,Satispay
1777,115,1,2025-12-13,18:30:00,Completato,18.0,Carta
1778,82,1,2025-12-13,18:45:00,Completato,18.0,Contanti
1779,219,1,2025-12-16,09:15:00,Completato,18.0,Carta
1780,213,2,2025-12-16,16:00:00,Completato,26.0,Satispay
1781,22,2,2025-12-16,16:15:00,Completato,26.0,Contanti
1782,153,3,2025-12-16,16:45:00,Completato,12.0,Satispay
1783,182,2,2025-12-16,17:15:00,Completato,26.0,Contanti
1784,15,2,2025-12-16,17:45:00,Completato,26.0,Carta
1785,42,6,2025-12-16,18:45:00,Completato,10.0,Carta
1786,123,1,2025-12-16,19:30:00,Completato,18.0,Carta
1787,86,2,2025-12-17,11:00:00,Completato,26.0,Carta
1788,212,1,2025-12-17,11:45:00,Completato,18.0,Satispay
1789,221,4,2025-12-17,12:00:00,Completato,15.0,Contanti
1790,13,1,2025-12-17,12:45:00,Completato,18.0,Satispay
1791,196,2,2025-12-17,15:30:00,Completato,26.0,Contanti
1792,223,1,2025-12-17,18:00:00,Completato,18.0,Contanti
1793,187,1,2025-12-18,10:00:00,Completato,18.0,Carta
1794,229,6,2025-12-18,16:45:00,Completato,10.0,Contanti
1795,169,2,2025-12-18,17:45:00,Cancellato,0.0,
1796,97,1,2025-12-18,18:30:00,Completato,18.0,Contanti
1797,135,1,2025-12-18,19:45:00,Completato,18.0,Contanti
1798,201,8,2025-12-19,10:00:00,Completato,22.0,Contanti
1799,78,2,2025-12-19,10:15:00,Completato,26.0,Contanti
1800,188,7,2025-12-19,10:45:00,Completato,35.0,Carta
1801,144,1,2025-12-19,15:45:00,Cancellato,0.0,
1802,113,2,2025-12-19,16:15:00,Completato,26.0,Carta
1803,51,6,2025-12-19,17:15:00,Completato,10.0,Carta
1804,57,2,2025-12-19,18:00:00,Completato,26.0,Carta
1805,116,3,2025-12-19,18:30:00,Cancellato,0.0,
1806,190,4,2025-12-19,19:45:00,No-show,0.0,
1807,203,5,2025-12-20,09:30:00,Completato,12.0,Carta
1808,217,2,2025-12-20,10:15:00,Completato,26.0,Carta
1809,102,5,2025-12-20,12:15:00,Completato,12.0,Carta
1810,192,2,2025-12-20,12:45:00,No-show,0.0,
1811,215,1,2025-12-20,12:45:00,Completato,18.0,Contanti
1812,66,1,2025-12-20,16:45:00,Completato,18.0,Carta
1813,104,4,2025-12-20,17:00:00,Completato,15.0,Contanti
1814,128,4,2025-12-20,17:15:00,Completato,15.0,Carta
1815,204,3,2025-12-20,17:15:00,Completato,12.0,Carta
1816,230,2,2025-12-20,18:30:00,Completato,26.0,Carta
1817,136,4,2025-12-20,19:45:00,Completato,15.0,Carta
1818,158,1,2025-12-20,19:45:00,Completato,18.0,Contanti
1819,161,3,2025-12-23,10:15:00,Completato,12.0,Contanti
1820,205,2,2025-12-23,11:00:00,Completato,26.0,Contanti
1821,231,2,2025-12-23,12:45:00,Completato,26.0,Satispay
1822,184,1,2025-12-23,15:15:00,Completato,18.0,Satispay
1823,96,1,2025-12-23,15:30:00,Completato,18.0,Contanti
1824,218,1,2025-12-23,15:30:00,Completato,18.0,Carta
1825,117,1,2025-12-23,18:45:00,Completato,18.0,Carta
1826,165,2,2025-12-23,19:00:00,Completato,26.0,Carta
1827,6,2,2025-12-24,09:45:00,Completato,26.0,Contanti
1828,194,5,2025-12-24,09:45:00,Completato,12.0,Carta
1829,211,1,2025-12-24,15:00:00,Completato,18.0,Contanti
1830,163,1,2025-12-24,15:15:00,Completato,18.0,Satispay
1831,62,6,2025-12-25,11:15:00,Completato,10.0,Contanti
1832,40,5,2025-12-25,15:45:00,Completato,12.0,Contanti
1833,189,8,2025-12-25,15:45:00,Completato,22.0,Contanti
1834,58,5,2025-12-25,18:00:00,Completato,12.0,Contanti
1835,145,1,2025-12-25,18:30:00,Completato,18.0,Contanti
1836,45,2,2025-12-25,19:30:00,Completato,26.0,Carta
1837,160,3,2025-12-26,09:30:00,Completato,12.0,Carta
1838,18,5,2025-12-26,09:45:00,Completato,12.0,Carta
1839,227,8,2025-12-26,10:45:00,Cancellato,0.0,
1840,65,1,2025-12-26,11:30:00,Completato,18.0,Carta
1841,4,1,2025-12-26,18:00:00,Completato,18.0,Contanti
1842,191,1,2025-12-26,18:30:00,Completato,18.0,Carta
1843,84,1,2025-12-27,09:30:00,Completato,18.0,Contanti
1844,140,1,2025-12-27,10:15:00,Completato,18.0,Carta
1845,226,1,2025-12-27,11:00:00,Completato,18.0,Carta
1846,37,6,2025-12-27,11:30:00,Completato,10.0,Satispay
1847,195,1,2025-12-27,11:45:00,Completato,18.0,Carta
1848,225,2,2025-12-27,18:00:00,Completato,26.0,Contanti
1849,27,1,2025-12-27,18:15:00,Completato,18.0,Contanti
1850,200,1,2025-12-27,18:45:00,Completato,18.0,Satispay
1851,59,1,2025-12-27,19:00:00,Completato,18.0,Satispay
1852,108,1,2025-12-30,12:15:00,Cancellato,0.0,
1853,147,1,2025-12-30,15:15:00,Completato,18.0,Carta
1854,100,1,2025-12-30,15:45:00,Completato,18.0,Contanti
1855,32,5,2025-12-30,18:45:00,Completato,12.0,Contanti
1856,177,2,2026-01-01,10:45:00,Completato,26.0,Contanti
1857,202,1,2026-01-01,12:00:00,Completato,18.0,Carta
1858,26,2,2026-01-01,12:15:00,Completato,26.0,Carta
1859,181,1,2026-01-01,16:15:00,Cancellato,0.0,
1860,228,1,2026-01-01,17:00:00,Completato,18.0,Contanti
1861,11,5,2026-01-01,17:15:00,Completato,12.0,Carta
1862,103,1,2026-01-02,12:45:00,Completato,18.0,Carta
1863,168,1,2026-01-02,12:45:00,Completato,18.0,Carta
1864,243,6,2026-01-02,17:15:00,Completato,10.0,Satispay
1865,232,1,2026-01-02,17:45:00,Completato,18.0,Contanti
1866,34,8,2026-01-02,18:30:00,Completato,22.0,Contanti
1867,119,3,2026-01-03,09:15:00,Completato,12.0,Carta
1868,74,2,2026-01-03,10:45:00,Cancellato,0.0,
1869,152,1,2026-01-03,16:15:00,Completato,18.0,Contanti
1870,180,2,2026-01-03,17:00:00,No-show,0.0,
1871,76,1,2026-01-03,17:45:00,Completato,18.0,Carta
1872,7,8,2026-01-03,18:15:00,Completato,17.6,Carta
1873,107,1,2026-01-03,19:45:00,Completato,18.0,Carta
1874,196,2,2026-01-06,09:30:00,Completato,26.0,Carta
1875,173,1,2026-01-06,10:15:00,Completato,18.0,Carta
1876,121,7,2026-01-06,11:30:00,Cancellato,0.0,
1877,216,2,2026-01-06,11:45:00,Completato,26.0,Satispay
1878,229,3,2026-01-06,16:30:00,Completato,12.0,Satispay
1879,13,2,2026-01-07,10:00:00,Completato,26.0,Satispay
1880,116,1,2026-01-07,11:45:00,Completato,18.0,Contanti
1881,101,2,2026-01-07,17:15:00,Completato,26.0,Contanti
1882,57,2,2026-01-08,15:00:00,Completato,26.0,Contanti
1883,226,2,2026-01-08,15:45:00,Completato,26.0,Carta
1884,27,3,2026-01-08,18:15:00,Completato,12.0,Contanti
1885,183,5,2026-01-08,18:30:00,Completato,12.0,Contanti
1886,185,2,2026-01-08,18:30:00,Completato,26.0,Carta
1887,123,1,2026-01-08,19:15:00,Completato,18.0,Contanti
1888,223,1,2026-01-09,15:00:00,Completato,18.0,Satispay
1889,94,1,2026-01-09,16:00:00,Completato,18.0,Carta
1890,221,4,2026-01-09,16:30:00,Completato,15.0,Contanti
1891,3,5,2026-01-09,17:15:00,Completato,12.0,Contanti
1892,137,1,2026-01-09,18:00:00,Completato,18.0,Carta
1893,162,2,2026-01-09,18:15:00,Completato,26.0,Contanti
1894,82,1,2026-01-10,09:15:00,Completato,16.2,Contanti
1895,126,1,2026-01-10,10:00:00,Completato,18.0,Contanti
1896,128,1,2026-01-10,10:00:00,Completato,18.0,Contanti
1897,42,6,2026-01-10,11:15:00,Completato,10.0,Carta
1898,171,6,2026-01-10,11:30:00,Completato,10.0,Contanti
1899,79,2,2026-01-10,11:45:00,Completato,26.0,Contanti
1900,190,1,2026-01-10,15:15:00,Cancellato,0.0,
1901,208,2,2026-01-10,15:15:00,Completato,26.0,Carta
1902,142,6,2026-01-10,16:30:00,Completato,10.0,Carta
1903,204,3,2026-01-10,17:00:00,Completato,12.0,Carta
1904,213,2,2026-01-10,18:00:00,Completato,26.0,Contanti
1905,22,2,2026-01-10,18:15:00,Completato,26.0,Carta
1906,234,2,2026-01-10,18:15:00,Completato,26.0,Contanti
1907,235,3,2026-01-10,18:15:00,Completato,10.8,Carta
1908,88,2,2026-01-10,19:45:00,Completato,26.0,Satispay
1909,238,8,2026-01-13,10:00:00,Completato,22.0,Satispay
1910,66,3,2026-01-13,10:15:00,Completato,12.0,Contanti
1911,45,2,2026-01-13,11:15:00,Completato,26.0,Carta
1912,99,1,2026-01-14,11:15:00,Completato,18.0,Contanti
1913,198,3,2026-01-14,12:00:00,Completato,12.0,Carta
1914,50,3,2026-01-14,12:15:00,Completato,12.0,Contanti
1915,130,1,2026-01-14,19:45:00,Completato,18.0,Carta
1916,242,1,2026-01-15,12:45:00,Completato,18.0,Contanti
1917,149,1,2026-01-15,17:30:00,Completato,18.0,Carta
1918,161,3,2026-01-15,18:15:00,Completato,12.0,Contanti
1919,233,8,2026-01-15,19:30:00,Cancellato,0.0,
1920,220,1,2026-01-15,19:45:00,Completato,18.0,Contanti
1921,30,2,2026-01-16,10:45:00,Completato,26.0,Carta
1922,174,2,2026-01-16,11:30:00,No-show,0.0,
1923,115,1,2026-01-16,12:00:00,Completato,18.0,Contanti
1924,20,6,2026-01-16,15:45:00,Completato,10.0,Contanti
1925,26,2,2026-01-16,16:00:00,Completato,26.0,Contanti
1926,222,3,2026-01-16,16:30:00,Completato,12.0,Carta
1927,189,8,2026-01-16,16:45:00,Completato,22.0,Contanti
1928,145,1,2026-01-16,18:00:00,No-show,0.0,
1929,81,5,2026-01-16,18:45:00,Completato,10.8,Carta
1930,240,2,2026-01-17,09:30:00,Completato,26.0,Carta
1931,36,1,2026-01-17,12:00:00,Completato,18.0,Carta
1932,140,5,2026-01-17,12:00:00,Completato,12.0,Contanti
1933,218,8,2026-01-17,12:30:00,Completato,22.0,Contanti
1934,143,3,2026-01-17,15:45:00,Completato,12.0,Carta
1935,136,4,2026-01-17,17:00:00,Completato,15.0,Contanti
1936,176,1,2026-01-17,17:00:00,Completato,18.0,Carta
1937,227,8,2026-01-17,17:45:00,Completato,22.0,Carta
1938,18,5,2026-01-20,12:15:00,Completato,12.0,Contanti
1939,68,7,2026-01-20,12:15:00,Completato,35.0,Carta
1940,86,5,2026-01-20,15:45:00,Completato,12.0,Satispay
1941,215,1,2026-01-20,16:30:00,Completato,18.0,Carta
1942,182,2,2026-01-20,17:45:00,Completato,26.0,Contanti
1943,163,1,2026-01-21,09:00:00,Completato,16.2,Contanti
1944,236,2,2026-01-21,10:30:00,Completato,26.0,Satispay
1945,84,1,2026-01-21,11:45:00,Completato,18.0,Carta
1946,210,5,2026-01-21,16:30:00,Completato,12.0,Contanti
1947,135,1,2026-01-21,17:30:00,Completato,18.0,Carta
1948,201,1,2026-01-21,18:30:00,Completato,18.0,Carta
1949,7,8,2026-01-22,09:15:00,Completato,22.0,Carta
1950,209,2,2026-01-22,09:15:00,Completato,26.0,Contanti
1951,153,3,2026-01-22,10:15:00,Completato,12.0,Carta
1952,62,6,2026-01-22,11:15:00,Completato,10.0,Contanti
1953,4,1,2026-01-22,15:15:00,Completato,18.0,Satispay
1954,40,1,2026-01-22,15:45:00,Completato,18.0,Carta
1955,69,2,2026-01-22,17:45:00,Completato,26.0,Carta
1956,203,5,2026-01-22,18:00:00,Completato,12.0,Carta
1957,192,2,2026-01-22,19:45:00,Completato,26.0,Contanti
1958,243,6,2026-01-23,11:00:00,Cancellato,0.0,
1959,138,7,2026-01-23,11:45:00,Completato,31.5,Contanti
1960,211,1,2026-01-23,12:15:00,Completato,18.0,Carta
1961,72,1,2026-01-23,12:45:00,Completato,18.0,Contanti
1962,158,1,2026-01-23,15:00:00,Completato,18.0,Carta
1963,195,1,2026-01-23,15:15:00,Completato,16.2,Carta
1964,73,2,2026-01-23,17:45:00,Completato,26.0,Contanti
1965,194,1,2026-01-23,18:15:00,Completato,18.0,Carta
1966,144,1,2026-01-24,10:00:00,Completato,18.0,Satispay
1967,119,3,2026-01-24,11:30:00,Completato,12.0,Contanti
1968,239,4,2026-01-24,11:45:00,Completato,15.0,Contanti
1969,96,1,2026-01-24,12:00:00,Completato,18.0,Carta
1970,97,1,2026-01-24,12:30:00,Completato,18.0,Satispay
1971,184,1,2026-01-24,12:30:00,Cancellato,0.0,
1972,217,2,2026-01-24,17:15:00,Completato,23.4,Carta
1973,76,1,2026-01-24,17:30:00,No-show,0.0,
1974,5,1,2026-01-24,18:00:00,Completato,18.0,Carta
1975,186,1,2026-01-24,18:15:00,Completato,18.0,Contanti
1976,164,2,2026-01-24,18:30:00,Cancellato,0.0,
1977,226,1,2026-01-24,19:30:00,Completato,18.0,Carta
1978,237,2,2026-01-24,19:45:00,Completato,26.0,Carta
1979,177,2,2026-01-27,10:15:00,Completato,26.0,Contanti
1980,34,8,2026-01-27,12:00:00,Completato,22.0,Carta
1981,137,2,2026-01-27,12:30:00,Completato,26.0,Carta
1982,32,4,2026-01-28,10:15:00,Completato,15.0,Carta
1983,154,2,2026-01-28,11:00:00,Completato,20.8,Carta
1984,241,2,2026-01-28,12:30:00,Completato,26.0,Contanti
1985,108,1,2026-01-28,17:00:00,Completato,18.0,Contanti
1986,229,6,2026-01-28,17:15:00,Completato,10.0,Satispay
1987,117,1,2026-01-28,17:30:00,Completato,18.0,Satispay
1988,82,1,2026-01-29,10:00:00,Completato,18.0,Carta
1989,45,2,2026-01-29,11:15:00,Completato,23.4,Contanti
1990,37,4,2026-01-29,11:45:00,Cancellato,0.0,
1991,6,2,2026-01-29,18:15:00,Completato,26.0,Contanti
1992,200,1,2026-01-29,18:45:00,Completato,18.0,Carta
1993,180,1,2026-01-30,10:45:00,Completato,18.0,Contanti
1994,148,1,2026-01-30,11:15:00,Completato,18.0,Carta
1995,147,3,2026-01-30,15:15:00,Completato,12.0,Contanti
1996,78,3,2026-01-30,15:45:00,Completato,12.0,Contanti
1997,213,2,2026-01-30,16:00:00,Completato,26.0,Carta
1998,223,1,2026-01-30,16:30:00,Completato,18.0,Carta
1999,146,2,2026-01-30,19:15:00,Completato,26.0,Contanti
2000,231,2,2026-01-30,19:45:00,Completato,26.0,Contanti
2001,51,1,2026-01-31,11:00:00,Completato,18.0,Carta
2002,191,5,2026-01-31,11:00:00,Completato,12.0,Contanti
2003,228,3,2026-01-31,11:45:00,Completato,12.0,Contanti
2004,232,1,2026-01-31,12:00:00,Completato,18.0,Contanti
2005,248,4,2026-01-31,12:00:00,Completato,12.0,Carta
2006,204,1,2026-01-31,17:15:00,Completato,18.0,Carta
2007,219,1,2026-01-31,17:15:00,Completato,18.0,Carta
2008,22,2,2026-01-31,19:00:00,Completato,26.0,Carta
2009,221,4,2026-02-03,12:30:00,Completato,15.0,Carta
2010,104,4,2026-02-03,15:30:00,Completato,15.0,Carta
2011,158,1,2026-02-03,17:00:00,Cancellato,0.0,
2012,247,2,2026-02-03,18:15:00,Completato,26.0,Contanti
2013,234,2,2026-02-04,09:00:00,Completato,26.0,Carta
2014,26,2,2026-02-04,10:00:00,Completato,26.0,Satispay
2015,41,1,2026-02-04,11:00:00,Completato,18.0,Contanti
2016,196,2,2026-02-04,11:00:00,Completato,26.0,Satispay
2017,250,1,2026-02-04,11:15:00,Completato,18.0,Satispay
2018,169,2,2026-02-04,15:45:00,Completato,26.0,Satispay
2019,42,6,2026-02-04,19:45:00,Completato,10.0,Contanti
2020,140,1,2026-02-05,11:45:00,Completato,18.0,Contanti
2021,165,2,2026-02-05,12:30:00,Completato,26.0,Contanti
2022,126,1,2026-02-05,12:45:00,Completato,18.0,Satispay
2023,50,3,2026-02-05,15:15:00,Completato,12.0,Contanti
2024,205,1,2026-02-05,16:00:00,Completato,18.0,Carta
2025,128,4,2026-02-05,17:00:00,Completato,15.0,Carta
2026,242,6,2026-02-05,18:30:00,Completato,8.0,Contanti
2027,121,2,2026-02-05,19:00:00,Completato,26.0,Carta
2028,212,3,2026-02-05,19:00:00,Completato,12.0,Contanti
2029,190,4,2026-02-06,12:30:00,Completato,15.0,Contanti
2030,252,1,2026-02-06,15:15:00,Completato,18.0,Carta
2031,210,1,2026-02-06,17:00:00,Completato,18.0,Carta
2032,69,1,2026-02-06,18:00:00,Cancellato,0.0,
2033,253,1,2026-02-07,09:45:00,Completato,18.0,Carta
2034,152,1,2026-02-07,10:15:00,Completato,18.0,Satispay
2035,3,5,2026-02-07,11:15:00,No-show,0.0,
2036,173,1,2026-02-07,16:30:00,Completato,18.0,Carta
2037,224,1,2026-02-07,16:30:00,Completato,18.0,Contanti
2038,218,8,2026-02-07,16:45:00,Completato,22.0,Contanti
2039,59,3,2026-02-07,17:00:00,Completato,12.0,Contanti
2040,66,1,2026-02-07,17:00:00,Completato,18.0,Contanti
2041,27,1,2026-02-07,17:30:00,Completato,18.0,Contanti
2042,130,1,2026-02-07,17:30:00,Completato,18.0,Satispay
2043,113,3,2026-02-07,18:15:00,Completato,12.0,Satispay
2044,57,2,2026-02-10,10:00:00,Completato,26.0,Carta
2045,227,8,2026-02-10,10:00:00,Completato,22.0,Carta
2046,238,8,2026-02-10,16:00:00,Completato,22.0,Carta
2047,99,1,2026-02-10,17:00:00,Completato,18.0,Carta
2048,215,1,2026-02-10,17:30:00,Completato,18.0,Carta
2049,208,6,2026-02-11,11:15:00,Completato,10.0,Carta
2050,226,2,2026-02-11,11:15:00,Completato,26.0,Carta
2051,91,1,2026-02-11,15:00:00,Completato,18.0,Satispay
2052,230,2,2026-02-11,18:30:00,Completato,26.0,Contanti
2053,198,3,2026-02-11,19:45:00,Completato,12.0,Satispay
2054,229,6,2026-02-12,09:45:00,Completato,10.0,Satispay
2055,123,1,2026-02-12,11:15:00,Completato,18.0,Contanti
2056,188,7,2026-02-12,11:45:00,Completato,35.0,Contanti
2057,18,5,2026-02-12,12:45:00,Completato,12.0,Carta
2058,194,3,2026-02-12,17:00:00,Cancellato,0.0,
2059,189,2,2026-02-12,17:15:00,Completato,26.0,Contanti
2060,233,1,2026-02-12,17:15:00,Completato,14.4,Contanti
2061,168,4,2026-02-12,19:00:00,Completato,15.0,Contanti
2062,100,5,2026-02-13,12:00:00,Completato,12.0,Contanti
2063,15,4,2026-02-13,17:00:00,Completato,15.0,Contanti
2064,203,5,2026-02-13,17:30:00,Completato,12.0,Contanti
2065,13,2,2026-02-13,17:45:00,Completato,26.0,Satispay
2066,160,3,2026-02-13,17:45:00,Completato,9.6,Contanti
2067,102,5,2026-02-13,19:00:00,Completato,12.0,Carta
2068,116,3,2026-02-13,19:30:00,Cancellato,0.0,
2069,26,2,2026-02-14,10:15:00,Completato,20.8,Contanti
2070,161,3,2026-02-14,10:15:00,Completato,12.0,Carta
2071,145,1,2026-02-14,12:00:00,Completato,18.0,Contanti
2072,88,2,2026-02-14,16:30:00,Completato,26.0,Contanti
2073,4,1,2026-02-14,17:15:00,Completato,18.0,Contanti
2074,235,1,2026-02-14,18:00:00,Completato,18.0,Satispay
2075,244,1,2026-02-14,18:30:00,Completato,18.0,Contanti
2076,32,5,2026-02-17,11:45:00,Completato,12.0,Satispay
2077,136,4,2026-02-17,15:00:00,Completato,15.0,Contanti
2078,174,1,2026-02-17,15:15:00,Completato,18.0,Carta
2079,231,4,2026-02-18,10:00:00,Completato,15.0,Carta
2080,153,7,2026-02-18,10:30:00,Completato,35.0,Carta
2081,103,1,2026-02-18,11:30:00,Completato,16.2,Carta
2082,74,2,2026-02-18,17:00:00,Completato,26.0,Satispay
2083,204,3,2026-02-18,17:45:00,Completato,12.0,Carta
2084,30,2,2026-02-18,19:00:00,Completato,26.0,Satispay
2085,243,6,2026-02-18,19:00:00,Completato,10.0,Contanti
2086,40,1,2026-02-19,09:00:00,Completato,18.0,Contanti
2087,115,1,2026-02-19,09:00:00,Completato,18.0,Contanti
2088,249,2,2026-02-19,18:00:00,Completato,26.0,Carta
2089,246,5,2026-02-19,18:45:00,Cancellato,0.0,
2090,107,7,2026-02-20,09:45:00,Completato,35.0,Carta
2091,135,1,2026-02-20,10:30:00,Completato,18.0,Contanti
2092,94,2,2026-02-20,12:30:00,Completato,26.0,Contanti
2093,3,5,2026-02-20,17:45:00,Completato,12.0,Carta
2094,119,3,2026-02-20,18:00:00,No-show,0.0,
2095,220,1,2026-02-20,18:30:00,Cancellato,0.0,
2096,201,8,2026-02-20,19:15:00,Completato,17.6,Contanti
2097,225,5,2026-02-20,19:15:00,Completato,12.0,Contanti
2098,149,1,2026-02-21,10:15:00,Completato,18.0,Carta
2099,245,1,2026-02-21,11:00:00,Completato,18.0,Contanti
2100,5,6,2026-02-21,12:45:00,Completato,10.0,Contanti
2101,84,2,2026-02-21,15:00:00,Completato,26.0,Carta
2102,164,2,2026-02-21,15:45:00,Completato,26.0,Contanti
2103,195,1,2026-02-21,16:30:00,Completato,14.4,Contanti
2104,11,2,2026-02-21,16:45:00,Completato,26.0,Satispay
2105,79,2,2026-02-21,18:45:00,Completato,26.0,Contanti
2106,223,1,2026-02-21,18:45:00,Completato,18.0,Contanti
2107,58,3,2026-02-21,19:00:00,Completato,9.6,Satispay
2108,36,1,2026-02-24,12:00:00,Completato,18.0,Contanti
2109,248,4,2026-02-24,12:15:00,Completato,15.0,Satispay
2110,65,3,2026-02-24,15:30:00,Completato,12.0,Carta
2111,7,8,2026-02-24,17:45:00,Cancellato,0.0,
2112,191,1,2026-02-24,19:45:00,Completato,18.0,Carta
2113,176,1,2026-02-25,10:00:00,Completato,18.0,Satispay
2114,137,2,2026-02-25,11:45:00,Completato,23.4,Contanti
2115,227,6,2026-02-25,12:15:00,Completato,10.0,Carta
2116,177,2,2026-02-26,17:15:00,Completato,26.0,Contanti
2117,147,1,2026-02-26,18:30:00,Completato,18.0,Contanti
2118,45,2,2026-02-26,19:15:00,Completato,26.0,Carta
2119,72,1,2026-02-27,09:15:00,Completato,18.0,Contanti
2120,213,2,2026-02-27,11:15:00,Completato,26.0,Contanti
2121,22,2,2026-02-27,11:45:00,Completato,26.0,Carta
2122,184,1,2026-02-27,12:45:00,Completato,18.0,Satispay
2123,200,1,2026-02-27,17:30:00,Completato,18.0,Carta
2124,143,3,2026-02-27,18:45:00,Completato,12.0,Satispay
2125,215,1,2026-02-28,09:45:00,Completato,18.0,Satispay
2126,192,2,2026-02-28,10:45:00,Completato,26.0,Carta
2127,171,6,2026-02-28,11:30:00,Completato,8.0,Contanti
2128,62,6,2026-02-28,11:45:00,Completato,8.0,Carta
2129,251,2,2026-02-28,11:45:00,Completato,26.0,Contanti
2130,203,5,2026-02-28,12:30:00,Completato,12.0,Carta
2131,144,1,2026-02-28,16:00:00,Completato,18.0,Contanti
2132,96,1,2026-02-28,16:30:00,Completato,18.0,Carta
2133,100,7,2026-02-28,16:45:00,Completato,35.0,Contanti
2134,229,6,2026-02-28,16:45:00,Completato,10.0,Contanti
2135,142,6,2026-02-28,18:00:00,Completato,10.0,Satispay
2136,88,2,2026-02-28,18:15:00,Completato,26.0,Contanti
2137,217,2,2026-03-03,12:30:00,Completato,26.0,Contanti
2138,18,5,2026-03-03,16:45:00,Completato,12.0,Carta
2139,50,1,2026-03-04,10:00:00,Completato,18.0,Satispay
2140,108,1,2026-03-04,17:15:00,Completato,18.0,Satispay
2141,27,1,2026-03-04,18:45:00,Completato,16.2,Satispay
2142,194,1,2026-03-05,09:15:00,Cancellato,0.0,
2143,76,1,2026-03-05,09:45:00,Completato,18.0,Contanti
2144,228,1,2026-03-05,09:45:00,Completato,18.0,Contanti
2145,86,2,2026-03-05,10:00:00,Completato,26.0,Carta
2146,130,1,2026-03-05,10:15:00,Completato,18.0,Carta
2147,68,2,2026-03-05,16:30:00,Completato,26.0,Carta
2148,232,1,2026-03-05,16:45:00,Completato,14.4,Carta
2149,196,2,2026-03-05,17:00:00,Completato,26.0,Contanti
2150,82,1,2026-03-06,09:30:00,Completato,18.0,Satispay
2151,4,1,2026-03-06,10:15:00,Completato,18.0,Carta
2152,182,2,2026-03-06,15:30:00,Completato,26.0,Contanti
2153,204,3,2026-03-06,16:00:00,Completato,12.0,Carta
2154,257,2,2026-03-06,16:45:00,Completato,26.0,Contanti
2155,242,8,2026-03-06,17:00:00,Completato,22.0,Carta
2156,241,2,2026-03-06,17:15:00,Completato,20.8,Carta
2157,136,1,2026-03-06,18:15:00,Completato,18.0,Carta
2158,185,2,2026-03-06,18:15:00,Completato,26.0,Carta
2159,154,2,2026-03-06,19:30:00,No-show,0.0,
2160,180,1,2026-03-06,19:45:00,Completato,18.0,Carta
2161,40,1,2026-03-07,10:15:00,Completato,18.0,Contanti
2162,20,1,2026-03-07,11:30:00,Cancellato,0.0,
2163,73,2,2026-03-07,11:30:00,Completato,26.0,Contanti
2164,240,2,2026-03-07,12:30:00,Completato,26.0,Contanti
2165,13,2,2026-03-07,12:45:00,Completato,20.8,Contanti
2166,259,3,2026-03-07,15:30:00,Completato,12.0,Satispay
2167,26,2,2026-03-07,16:30:00,Completato,26.0,Carta
2168,221,4,2026-03-07,17:00:00,Completato,15.0,Contanti
2169,34,8,2026-03-07,18:00:00,Completato,19.8,Satispay
2170,78,1,2026-03-07,18:45:00,Completato,18.0,Contanti
2171,234,2,2026-03-07,19:00:00,Completato,26.0,Carta
2172,163,1,2026-03-07,19:30:00,Completato,18.0,Contanti
2173,263,2,2026-03-10,09:30:00,No-show,0.0,
2174,42,6,2026-03-10,10:00:00,Completato,10.0,Contanti
2175,57,1,2026-03-10,10:30:00,Completato,18.0,Carta
2176,210,5,2026-03-10,10:30:00,Completato,12.0,Carta
2177,189,8,2026-03-10,18:30:00,Completato,22.0,Satispay
2178,138,1,2026-03-11,11:15:00,Completato,18.0,Contanti
2179,260,1,2026-03-11,12:15:00,Completato,14.4,Contanti
2180,168,1,2026-03-11,12:45:00,Completato,18.0,Contanti
2181,226,6,2026-03-11,17:00:00,Completato,10.0,Satispay
2182,69,1,2026-03-11,17:15:00,Completato,18.0,Contanti
2183,84,1,2026-03-11,19:30:00,Completato,18.0,Carta
2184,256,2,2026-03-12,11:30:00,Completato,26.0,Contanti
2185,65,1,2026-03-12,15:30:00,Completato,18.0,Carta
2186,267,1,2026-03-12,16:45:00,Cancellato,0.0,
2187,162,5,2026-03-12,18:15:00,Completato,12.0,Carta
2188,234,2,2026-03-12,18:45:00,Completato,26.0,Carta
2189,253,1,2026-03-12,19:45:00,Completato,18.0,Satispay
2190,126,6,2026-03-13,11:30:00,Completato,10.0,Carta
2191,145,1,2026-03-13,15:00:00,Completato,18.0,Satispay
2192,66,1,2026-03-13,16:45:00,Completato,18.0,Satispay
2193,173,3,2026-03-13,16:45:00,Completato,12.0,Carta
2194,254,1,2026-03-13,17:00:00,Completato,18.0,Satispay
2195,152,1,2026-03-13,18:45:00,Completato,18.0,Contanti
2196,135,1,2026-03-14,09:00:00,Completato,18.0,Carta
2197,37,6,2026-03-14,09:45:00,Completato,8.0,Carta
2198,158,1,2026-03-14,11:00:00,Completato,18.0,Contanti
2199,237,2,2026-03-14,12:00:00,Cancellato,0.0,
2200,243,6,2026-03-14,16:00:00,Completato,10.0,Contanti
2201,223,1,2026-03-14,16:45:00,Completato,18.0,Contanti
2202,165,2,2026-03-14,17:00:00,Completato,26.0,Carta
2203,186,1,2026-03-14,17:00:00,Completato,18.0,Satispay
2204,222,3,2026-03-14,18:30:00,Completato,12.0,Contanti
2205,18,5,2026-03-14,18:45:00,Completato,12.0,Contanti
2206,209,2,2026-03-14,18:45:00,Completato,26.0,Contanti
2207,213,2,2026-03-17,09:00:00,Completato,26.0,Contanti
2208,194,1,2026-03-17,11:15:00,Completato,14.4,Carta
2209,99,1,2026-03-17,16:30:00,Completato,18.0,Contanti
2210,144,1,2026-03-17,17:00:00,Completato,18.0,Contanti
2211,113,1,2026-03-18,09:15:00,Completato,18.0,Contanti
2212,255,2,2026-03-18,12:45:00,Completato,26.0,Contanti
2213,94,2,2026-03-18,15:15:00,Completato,26.0,Carta
2214,238,1,2026-03-18,16:00:00,Completato,18.0,Contanti
2215,212,1,2026-03-19,11:00:00,Completato,18.0,Contanti
2216,3,5,2026-03-19,12:45:00,Completato,12.0,Satispay
2217,257,5,2026-03-19,16:15:00,Completato,12.0,Contanti
2218,191,1,2026-03-19,17:15:00,Cancellato,0.0,
2219,121,2,2026-03-19,17:30:00,Completato,26.0,Satispay
2220,4,1,2026-03-19,17:45:00,Completato,18.0,Contanti
2221,116,3,2026-03-19,18:30:00,Completato,12.0,Contanti
2222,81,1,2026-03-19,19:00:00,Completato,18.0,Contanti
2223,30,2,2026-03-20,09:15:00,Completato,26.0,Carta
2224,210,5,2026-03-20,10:15:00,Completato,12.0,Satispay
2225,51,6,2026-03-20,16:30:00,Completato,10.0,Contanti
2226,258,1,2026-03-20,17:15:00,Completato,18.0,Contanti
2227,184,1,2026-03-20,18:30:00,Completato,18.0,Carta
2228,218,8,2026-03-20,18:45:00,Completato,22.0,Carta
2229,123,1,2026-03-21,10:30:00,Completato,18.0,Contanti
2230,188,7,2026-03-21,10:30:00,Completato,35.0,Contanti
2231,22,2,2026-03-21,11:15:00,Completato,26.0,Contanti
2232,227,2,2026-03-21,11:30:00,Completato,26.0,Satispay
2233,32,5,2026-03-21,12:45:00,Completato,12.0,Carta
2234,242,6,2026-03-21,12:45:00,Completato,10.0,Contanti
2235,201,1,2026-03-21,16:00:00,Completato,18.0,Satispay
2236,265,1,2026-03-21,16:30:00,Completato,18.0,Carta
2237,7,8,2026-03-21,16:45:00,Completato,22.0,Carta
2238,231,2,2026-03-21,16:45:00,Completato,26.0,Contanti
2239,107,1,2026-03-21,17:00:00,Completato,18.0,Carta
2240,220,2,2026-03-21,18:45:00,Completato,26.0,Carta
2241,196,2,2026-03-21,19:00:00,Completato,26.0,Satispay
2242,229,2,2026-03-21,19:15:00,Completato,26.0,Satispay
2243,261,2,2026-03-21,19:15:00,Completato,26.0,Contanti
2244,34,1,2026-03-24,10:00:00,Completato,18.0,Satispay
2245,215,2,2026-03-24,10:30:00,No-show,0.0,
2246,233,2,2026-03-24,17:45:00,Completato,26.0,Carta
2247,153,3,2026-03-24,18:00:00,Completato,12.0,Contanti
2248,235,1,2026-03-24,18:15:00,Completato,18.0,Contanti
2249,264,2,2026-03-25,10:15:00,Completato,26.0,Carta
2250,36,1,2026-03-25,10:30:00,Completato,18.0,Contanti
2251,266,3,2026-03-25,12:45:00,Completato,12.0,Satispay
2252,225,4,2026-03-25,15:15:00,Completato,15.0,Carta
2253,5,2,2026-03-25,15:45:00,Completato,26.0,Contanti
2254,262,2,2026-03-25,16:30:00,Completato,26.0,Satispay
2255,228,1,2026-03-25,17:15:00,Completato,18.0,Carta
2256,65,1,2026-03-26,09:45:00,Completato,18.0,Contanti
2257,213,1,2026-03-26,11:45:00,Cancellato,0.0,
2258,104,4,2026-03-26,15:30:00,Completato,12.0,Contanti
2259,198,3,2026-03-26,17:45:00,Completato,12.0,Carta
2260,136,6,2026-03-26,18:00:00,Completato,10.0,Carta
2261,137,2,2026-03-26,18:45:00,Completato,26.0,Contanti
2262,194,1,2026-03-27,12:30:00,Cancellato,0.0,
2263,251,2,2026-03-27,12:30:00,Completato,26.0,Carta
2264,50,3,2026-03-27,15:30:00,Cancellato,0.0,
2265,165,5,2026-03-27,16:00:00,Completato,12.0,Carta
2266,221,3,2026-03-27,16:00:00,Completato,12.0,Carta
2267,103,1,2026-03-27,16:45:00,Completato,18.0,Contanti
2268,190,4,2026-03-27,17:15:00,Completato,15.0,Contanti
2269,177,2,2026-03-27,18:45:00,Completato,26.0,Carta
2270,162,7,2026-03-27,19:00:00,Completato,35.0,Contanti
2271,27,1,2026-03-27,19:15:00,Completato,18.0,Carta
2272,161,3,2026-03-28,10:45:00,Completato,12.0,Satispay
2273,169,2,2026-03-28,11:00:00,No-show,0.0,
2274,45,2,2026-03-28,12:45:00,Completato,26.0,Contanti
2275,217,2,2026-03-28,16:15:00,Completato,26.0,Satispay
2276,176,1,2026-03-28,17:15:00,Completato,16.2,Satispay
2277,236,1,2026-03-28,18:15:00,Completato,18.0,Contanti
2278,252,1,2026-03-28,18:30:00,Completato,18.0,Carta
2279,62,6,2026-03-28,18:45:00,Completato,10.0,Satispay
2280,200,1,2026-03-31,09:00:00,Completato,18.0,Contanti
2281,11,5,2026-03-31,09:15:00,Completato,12.0,Carta
2282,42,6,2026-03-31,10:00:00,Completato,8.0,Contanti
2283,99,1,2026-03-31,10:30:00,Completato,18.0,Contanti
2284,76,1,2026-03-31,10:45:00,Completato,18.0,Contanti
2285,250,1,2026-03-31,18:00:00,Completato,18.0,Contanti
2286,143,3,2026-03-31,18:15:00,Completato,12.0,Contanti
2287,18,5,2026-04-01,10:30:00,Completato,12.0,Carta
2288,74,2,2026-04-01,10:45:00,Completato,26.0,Contanti
2289,276,1,2026-04-01,10:45:00,Completato,18.0,Contanti
2290,204,2,2026-04-01,11:30:00,Completato,26.0,Contanti
2291,58,5,2026-04-01,15:15:00,Completato,12.0,Contanti
2292,248,4,2026-04-01,17:45:00,Completato,15.0,Contanti
2293,72,1,2026-04-01,18:45:00,Cancellato,0.0,
2294,205,2,2026-04-01,19:45:00,Completato,26.0,Contanti
2295,97,1,2026-04-02,09:15:00,No-show,0.0,
2296,40,1,2026-04-02,10:00:00,Completato,18.0,Contanti
2297,73,1,2026-04-02,17:00:00,Completato,18.0,Satispay
2298,108,1,2026-04-02,18:30:00,Completato,18.0,Contanti
2299,192,2,2026-04-03,09:15:00,Completato,26.0,Carta
2300,245,1,2026-04-03,10:15:00,Completato,18.0,Contanti
2301,230,2,2026-04-03,11:00:00,Completato,26.0,Satispay
2302,249,1,2026-04-03,11:00:00,Completato,18.0,Contanti
2303,147,1,2026-04-03,11:15:00,Completato,18.0,Contanti
2304,226,2,2026-04-03,12:30:00,Completato,26.0,Contanti
2305,13,7,2026-04-03,18:45:00,Completato,35.0,Contanti
2306,203,5,2026-04-03,18:45:00,Completato,12.0,Contanti
2307,152,1,2026-04-03,19:15:00,Completato,18.0,Satispay
2308,189,8,2026-04-04,10:00:00,Completato,22.0,Carta
2309,259,1,2026-04-04,10:30:00,Completato,18.0,Contanti
2310,26,2,2026-04-04,10:45:00,Completato,26.0,Contanti
2311,32,5,2026-04-04,11:30:00,Completato,12.0,Satispay
2312,115,2,2026-04-04,15:15:00,Cancellato,0.0,
2313,66,1,2026-04-04,15:30:00,Completato,18.0,Contanti
2314,256,2,2026-04-04,16:45:00,Completato,26.0,Carta
2315,224,1,2026-04-04,18:45:00,Completato,18.0,Contanti
2316,270,1,2026-04-07,11:15:00,Completato,18.0,Contanti
2317,274,5,2026-04-07,15:45:00,Completato,12.0,Contanti
2318,258,1,2026-04-07,16:45:00,Completato,18.0,Carta
2319,22,3,2026-04-07,19:00:00,Completato,12.0,Contanti
2320,253,1,2026-04-08,09:00:00,Completato,18.0,Carta
2321,37,6,2026-04-08,09:30:00,Completato,10.0,Carta
2322,196,2,2026-04-08,10:00:00,Completato,26.0,Carta
2323,84,1,2026-04-08,11:30:00,Cancellato,0.0,
2324,126,1,2026-04-08,16:00:00,No-show,0.0,
2325,57,2,2026-04-08,16:15:00,Completato,26.0,Contanti
2326,69,1,2026-04-08,17:00:00,Completato,18.0,Satispay
2327,237,3,2026-04-08,18:45:00,Completato,12.0,Contanti
2328,135,1,2026-04-09,11:15:00,Completato,18.0,Carta
2329,254,1,2026-04-09,11:15:00,Completato,18.0,Contanti
2330,171,6,2026-04-09,15:00:00,Completato,9.0,Contanti
2331,164,2,2026-04-09,16:00:00,Completato,26.0,Contanti
2332,102,5,2026-04-09,16:15:00,Completato,12.0,Carta
2333,86,2,2026-04-09,18:30:00,Completato,26.0,Satispay
2334,163,1,2026-04-09,18:45:00,Completato,18.0,Contanti
2335,243,6,2026-04-10,09:45:00,Completato,10.0,Carta
2336,190,4,2026-04-10,12:00:00,Completato,15.0,Carta
2337,263,4,2026-04-10,16:15:00,Completato,13.5,Satispay
2338,195,1,2026-04-10,17:45:00,Completato,18.0,Carta
2339,100,2,2026-04-10,18:00:00,Completato,26.0,Contanti
2340,234,2,2026-04-10,19:30:00,Completato,26.0,Contanti
2341,130,1,2026-04-11,09:30:00,Completato,18.0,Contanti
2342,277,2,2026-04-11,09:30:00,Completato,26.0,Contanti
2343,15,1,2026-04-11,11:00:00,Completato,18.0,Carta
2344,123,1,2026-04-11,11:00:00,Cancellato,0.0,
2345,229,6,2026-04-11,12:15:00,Completato,10.0,Contanti
2346,260,1,2026-04-11,12:30:00,Completato,18.0,Contanti
2347,275,4,2026-04-11,15:00:00,Completato,15.0,Satispay
2348,148,1,2026-04-11,16:00:00,Completato,18.0,Carta
2349,242,6,2026-04-11,16:30:00,Completato,10.0,Carta
2350,272,1,2026-04-11,16:45:00,Completato,18.0,Satispay
2351,210,2,2026-04-11,17:00:00,No-show,0.0,
2352,271,1,2026-04-11,17:15:00,Completato,16.2,Carta
2353,227,3,2026-04-11,17:30:00,Completato,12.0,Contanti
2354,268,3,2026-04-11,17:45:00,Completato,12.0,Contanti
2355,142,8,2026-04-11,18:30:00,Completato,22.0,Contanti
2356,82,8,2026-04-11,18:45:00,Completato,22.0,Carta
2357,228,1,2026-04-11,18:45:00,Completato,18.0,Contanti
2358,246,6,2026-04-11,19:00:00,Completato,10.0,Contanti
2359,273,2,2026-04-14,15:00:00,Completato,26.0,Satispay
2360,137,7,2026-04-14,17:45:00,Completato,35.0,Satispay
2361,191,2,2026-04-14,18:45:00,Completato,26.0,Carta
2362,41,1,2026-04-15,09:45:00,Completato,18.0,Carta
2363,160,5,2026-04-15,12:15:00,Completato,12.0,Carta
2364,168,3,2026-04-15,16:15:00,Completato,12.0,Carta
2365,235,1,2026-04-15,17:30:00,Completato,18.0,Contanti
2366,267,1,2026-04-16,09:00:00,Completato,18.0,Satispay
2367,4,1,2026-04-16,10:15:00,Completato,18.0,Contanti
2368,188,7,2026-04-16,12:30:00,Completato,35.0,Carta
2369,59,3,2026-04-16,15:45:00,Completato,12.0,Contanti
2370,264,2,2026-04-16,17:30:00,Completato,23.4,Carta
2371,180,2,2026-04-16,17:45:00,Completato,26.0,Carta
2372,88,2,2026-04-16,19:45:00,Completato,26.0,Carta
2373,241,2,2026-04-17,09:30:00,Completato,26.0,Contanti
2374,218,8,2026-04-17,10:30:00,Completato,22.0,Contanti
2375,154,5,2026-04-17,11:00:00,Completato,12.0,Contanti
2376,186,7,2026-04-17,11:00:00,Completato,31.5,Carta
2377,226,2,2026-04-17,11:45:00,Completato,26.0,Carta
2378,255,2,2026-04-17,12:00:00,Completato,26.0,Contanti
2379,232,1,2026-04-17,16:00:00,Completato,18.0,Contanti
2380,121,2,2026-04-17,18:45:00,Completato,26.0,Carta
2381,238,1,2026-04-17,19:00:00,Completato,18.0,Carta
2382,27,1,2026-04-18,09:00:00,Completato,18.0,Contanti
2383,269,1,2026-04-18,11:30:00,Completato,18.0,Contanti
2384,3,5,2026-04-18,12:00:00,Completato,12.0,Contanti
2385,247,2,2026-04-18,17:15:00,Completato,26.0,Satispay
2386,34,8,2026-04-18,17:30:00,Completato,22.0,Carta
2387,94,2,2026-04-18,18:15:00,Completato,26.0,Carta
2388,99,1,2026-04-21,10:15:00,Completato,18.0,Carta
2389,249,1,2026-04-21,15:15:00,No-show,0.0,
2390,174,1,2026-04-21,17:00:00,Completato,18.0,Contanti
2391,96,1,2026-04-21,18:30:00,Completato,18.0,Contanti
2392,153,1,2026-04-21,18:30:00,Completato,18.0,Carta
2393,261,2,2026-04-21,18:30:00,No-show,0.0,
2394,65,1,2026-04-21,19:00:00,No-show,0.0,
2395,221,4,2026-04-21,19:00:00,Completato,15.0,Contanti
2396,32,5,2026-04-22,15:45:00,Completato,10.8,Contanti
2397,145,2,2026-04-22,17:00:00,Completato,26.0,Contanti
2398,79,2,2026-04-22,19:00:00,Completato,26.0,Carta
2399,161,3,2026-04-23,10:15:00,Completato,12.0,Contanti
2400,68,1,2026-04-23,12:15:00,Cancellato,0.0,
2401,204,3,2026-04-23,12:15:00,Completato,12.0,Carta
2402,220,1,2026-04-23,12:45:00,Completato,18.0,Carta
2403,234,2,2026-04-23,18:30:00,Completato,26.0,Carta
2404,233,1,2026-04-23,18:45:00,Completato,18.0,Contanti
2405,240,3,2026-04-24,09:00:00,Completato,12.0,Contanti
2406,173,3,2026-04-24,09:30:00,Completato,12.0,Contanti
2407,45,2,2026-04-24,10:30:00,Completato,26.0,Carta
2408,194,1,2026-04-24,10:30:00,Completato,16.2,Contanti
2409,36,1,2026-04-24,11:00:00,Completato,18.0,Contanti
2410,116,3,2026-04-24,11:00:00,Completato,12.0,Contanti
2411,213,2,2026-04-24,12:00:00,Completato,26.0,Contanti
2412,248,4,2026-04-24,17:30:00,Completato,15.0,Carta
2413,13,2,2026-04-24,18:45:00,Completato,26.0,Carta
2414,135,1,2026-04-25,10:45:00,Completato,18.0,Contanti
2415,209,1,2026-04-25,11:45:00,Completato,18.0,Contanti
2416,40,3,2026-04-25,15:00:00,Completato,12.0,Satispay
2417,251,2,2026-04-25,15:00:00,Completato,26.0,Contanti
2418,203,5,2026-04-25,15:15:00,Completato,12.0,Contanti
2419,184,1,2026-04-25,16:30:00,Completato,18.0,Contanti
2420,185,3,2026-04-25,17:30:00,No-show,0.0,
2421,51,6,2026-04-25,17:45:00,Completato,10.0,Carta
2422,266,3,2026-04-25,18:15:00,Completato,12.0,Carta
2423,136,4,2026-04-25,19:00:00,Completato,15.0,Carta
2424,138,4,2026-04-25,19:00:00,Completato,15.0,Carta
2425,26,2,2026-04-28,12:15:00,Completato,26.0,Contanti
2426,182,1,2026-04-28,12:15:00,Completato,18.0,Contanti
2427,149,1,2026-04-28,18:00:00,Completato,18.0,Contanti
2428,276,1,2026-04-29,16:30:00,Completato,18.0,Contanti
2429,165,2,2026-04-29,18:45:00,Completato,23.4,Carta
2430,196,2,2026-04-29,18:45:00,Completato,26.0,Contanti
2431,222,2,2026-04-29,19:45:00,Completato,26.0,Carta
2432,69,2,2026-04-30,09:00:00,Completato,26.0,Contanti
2433,262,2,2026-04-30,09:15:00,Completato,23.4,Carta
2434,50,3,2026-04-30,09:45:00,Completato,12.0,Contanti
2435,265,2,2026-04-30,15:45:00,Completato,26.0,Carta
2436,177,2,2026-04-30,16:30:00,Completato,26.0,Carta
2437,277,3,2026-04-30,17:15:00,Completato,12.0,Contanti
2438,72,1,2026-04-30,17:30:00,Completato,18.0,Satispay
2439,215,4,2026-04-30,18:00:00,Completato,15.0,Carta
2440,62,6,2026-04-30,18:15:00,Cancellato,0.0,
2441,144,1,2026-04-30,18:45:00,Cancellato,0.0,
2442,30,2,2026-05-01,10:45:00,Completato,26.0,Carta
2443,57,2,2026-05-01,12:15:00,Completato,26.0,Carta
2444,97,1,2026-05-01,12:15:00,Cancellato,0.0,
2445,242,6,2026-05-01,12:30:00,Completato,10.0,Contanti
2446,257,2,2026-05-01,16:45:00,Completato,23.4,Contanti
2447,5,1,2026-05-01,17:00:00,Completato,18.0,Contanti
2448,126,1,2026-05-01,17:15:00,Completato,18.0,Contanti
2449,84,1,2026-05-01,18:15:00,Completato,18.0,Carta
2450,201,8,2026-05-01,18:30:00,Completato,22.0,Contanti
2451,32,5,2026-05-01,19:45:00,Completato,12.0,Contanti
2452,231,2,2026-05-02,10:00:00,Completato,26.0,Contanti
2453,272,1,2026-05-02,10:30:00,Completato,18.0,Contanti
2454,152,1,2026-05-02,11:00:00,Completato,18.0,Carta
2455,195,1,2026-05-02,11:00:00,Completato,18.0,Satispay
2456,275,1,2026-05-02,12:15:00,Completato,18.0,Contanti
2457,115,1,2026-05-02,16:30:00,No-show,0.0,
2458,73,2,2026-05-02,18:45:00,Completato,26.0,Contanti
2459,164,2,2026-05-02,19:00:00,Cancellato,0.0,
2460,22,2,2026-05-02,19:30:00,Completato,26.0,Satispay
2461,82,1,2026-05-05,12:30:00,Completato,18.0,Carta
2462,245,2,2026-05-05,12:30:00,Completato,26.0,Carta
2463,280,8,2026-05-05,16:00:00,Completato,22.0,Contanti
2464,227,1,2026-05-05,16:45:00,Completato,18.0,Carta
2465,278,6,2026-05-05,17:45:00,Completato,10.0,Carta
2466,66,1,2026-05-06,10:45:00,Cancellato,0.0,
2467,229,1,2026-05-06,11:00:00,Completato,18.0,Carta
2468,284,3,2026-05-06,11:15:00,Completato,12.0,Contanti
2469,81,5,2026-05-06,12:00:00,Completato,12.0,Contanti
2470,243,6,2026-05-06,12:45:00,Completato,10.0,Contanti
2471,37,6,2026-05-06,15:00:00,Completato,10.0,Contanti
2472,282,3,2026-05-06,15:00:00,Completato,12.0,Carta
2473,212,1,2026-05-06,18:00:00,Completato,18.0,Contanti
2474,286,5,2026-05-07,09:15:00,Completato,12.0,Contanti
2475,107,1,2026-05-07,10:30:00,Cancellato,0.0,
2476,217,1,2026-05-07,11:45:00,Completato,18.0,Satispay
2477,256,2,2026-05-07,16:00:00,Completato,26.0,Satispay
2478,232,1,2026-05-07,18:30:00,Completato,18.0,Carta
2479,103,1,2026-05-07,19:00:00,Completato,18.0,Contanti
2480,283,1,2026-05-07,19:45:00,Completato,18.0,Contanti
2481,180,1,2026-05-08,09:00:00,Completato,18.0,Carta
2482,158,1,2026-05-08,09:15:00,Completato,18.0,Carta
2483,249,1,2026-05-08,10:00:00,Completato,18.0,Carta
2484,78,1,2026-05-08,10:45:00,Completato,18.0,Contanti
2485,27,1,2026-05-08,11:30:00,Completato,18.0,Contanti
2486,251,2,2026-05-08,12:15:00,Completato,26.0,Carta
2487,254,1,2026-05-08,12:15:00,Completato,18.0,Carta
2488,147,1,2026-05-08,15:45:00,Completato,18.0,Carta
2489,191,1,2026-05-08,16:15:00,Completato,18.0,Contanti
2490,258,1,2026-05-08,17:00:00,Completato,18.0,Satispay
2491,4,1,2026-05-08,17:45:00,Completato,18.0,Carta
2492,108,1,2026-05-08,19:30:00,Completato,18.0,Satispay
2493,259,8,2026-05-08,19:30:00,Completato,22.0,Contanti
2494,76,1,2026-05-09,11:30:00,Completato,18.0,Contanti
2495,246,8,2026-05-09,11:30:00,Completato,17.6,Contanti
2496,263,4,2026-05-09,17:15:00,Completato,15.0,Carta
2497,13,2,2026-05-09,18:00:00,Completato,26.0,Carta
2498,137,2,2026-05-12,09:30:00,Completato,26.0,Contanti
2499,230,2,2026-05-12,10:00:00,Completato,26.0,Contanti
2500,253,1,2026-05-12,11:15:00,Completato,18.0,Carta
2501,200,1,2026-05-12,12:30:00,Completato,18.0,Carta
2502,226,2,2026-05-12,12:30:00,Completato,20.8,Carta
2503,42,6,2026-05-12,16:30:00,Completato,10.0,Contanti
2504,123,1,2026-05-12,16:30:00,Completato,14.4,Contanti
2505,235,1,2026-05-13,09:00:00,Completato,18.0,Contanti
2506,274,1,2026-05-13,10:15:00,Completato,18.0,Contanti
2507,260,1,2026-05-13,10:45:00,Cancellato,0.0,
2508,255,5,2026-05-13,11:00:00,Completato,9.6,Contanti
2509,208,6,2026-05-13,12:00:00,Completato,10.0,Carta
2510,204,3,2026-05-13,12:45:00,Completato,12.0,Contanti
2511,143,3,2026-05-13,17:45:00,Completato,12.0,Carta
2512,99,1,2026-05-14,10:15:00,No-show,0.0,
2513,238,2,2026-05-14,16:00:00,Completato,26.0,Carta
2514,285,1,2026-05-14,19:15:00,Completato,18.0,Carta
2515,162,2,2026-05-14,19:45:00,Completato,26.0,Carta
2516,57,2,2026-05-15,11:15:00,Completato,26.0,Contanti
2517,228,8,2026-05-15,11:30:00,Completato,22.0,Satispay
2518,203,5,2026-05-15,11:45:00,Completato,9.6,Contanti
2519,221,4,2026-05-15,17:30:00,Completato,15.0,Contanti
2520,280,8,2026-05-15,17:30:00,Completato,22.0,Satispay
2521,168,1,2026-05-15,18:15:00,Completato,18.0,Contanti
2522,205,2,2026-05-16,10:45:00,Completato,23.4,Satispay
2523,50,1,2026-05-16,11:00:00,Completato,18.0,Carta
2524,169,2,2026-05-16,11:00:00,Completato,26.0,Contanti
2525,171,6,2026-05-16,11:45:00,Completato,10.0,Carta
2526,34,3,2026-05-16,15:30:00,Completato,12.0,Carta
2527,186,1,2026-05-16,16:00:00,Completato,18.0,Contanti
2528,267,1,2026-05-16,16:30:00,Completato,18.0,Contanti
2529,281,2,2026-05-16,17:45:00,Completato,26.0,Contanti
2530,130,1,2026-05-16,18:00:00,Completato,18.0,Contanti
2531,86,2,2026-05-16,18:15:00,Completato,20.8,Satispay
2532,190,4,2026-05-16,18:15:00,Completato,15.0,Satispay
2533,161,3,2026-05-16,18:30:00,Completato,12.0,Contanti
2534,210,5,2026-05-16,18:30:00,Completato,9.6,Carta
2535,248,4,2026-05-16,19:15:00,Completato,15.0,Contanti
2536,269,1,2026-05-16,19:15:00,No-show,0.0,
2537,142,6,2026-05-19,09:45:00,Completato,9.0,Contanti
2538,215,1,2026-05-19,11:45:00,Completato,14.4,Carta
2539,26,2,2026-05-19,18:45:00,Completato,26.0,Carta
2540,250,1,2026-05-19,19:30:00,Completato,18.0,Contanti
2541,189,8,2026-05-20,15:15:00,Completato,19.8,Contanti
2542,224,1,2026-05-21,17:45:00,Completato,14.4,Carta
2543,213,2,2026-05-22,10:00:00,Completato,26.0,Carta
2544,36,1,2026-05-22,11:30:00,No-show,0.0,
2545,15,2,2026-05-22,12:15:00,Completato,26.0,Contanti
2546,121,2,2026-05-22,12:15:00,No-show,0.0,
2547,241,2,2026-05-22,12:30:00,Completato,26.0,Carta
2548,153,3,2026-05-22,17:15:00,Completato,12.0,Satispay
2549,58,2,2026-05-22,17:45:00,Completato,26.0,Contanti
2550,152,1,2026-05-22,18:00:00,Completato,18.0,Contanti
2551,234,8,2026-05-22,18:15:00,Completato,22.0,Contanti
2552,273,2,2026-05-22,19:30:00,Completato,26.0,Carta
2553,218,2,2026-05-23,09:30:00,Completato,26.0,Contanti
2554,72,1,2026-05-23,10:15:00,Completato,18.0,Carta
2555,271,1,2026-05-23,10:45:00,Completato,18.0,Contanti
2556,272,1,2026-05-23,10:45:00,Completato,18.0,Satispay
2557,45,2,2026-05-23,11:00:00,Completato,26.0,Carta
2558,5,1,2026-05-23,12:00:00,Cancellato,0.0,
2559,277,3,2026-05-23,12:15:00,No-show,0.0,
2560,11,5,2026-05-23,12:45:00,Completato,12.0,Carta
2561,173,1,2026-05-23,12:45:00,Completato,18.0,Carta
2562,154,2,2026-05-23,15:30:00,Completato,26.0,Carta
2563,135,2,2026-05-23,16:00:00,Completato,26.0,Contanti
2564,165,2,2026-05-23,16:00:00,Completato,26.0,Carta
2565,276,1,2026-05-23,16:30:00,Completato,18.0,Contanti
2566,196,2,2026-05-23,16:45:00,Completato,26.0,Carta
2567,242,1,2026-05-23,16:45:00,Completato,18.0,Contanti
2568,191,1,2026-05-23,18:15:00,Completato,18.0,Carta
2569,270,1,2026-05-23,19:30:00,Cancellato,0.0,
2570,144,1,2026-05-26,10:45:00,Completato,16.2,Carta
2571,148,2,2026-05-26,11:30:00,Completato,26.0,Carta
2572,217,2,2026-05-26,15:45:00,Completato,26.0,Carta
2573,136,4,2026-05-26,16:00:00,Completato,15.0,Contanti
2574,225,5,2026-05-26,17:30:00,Cancellato,0.0,
2575,68,1,2026-05-27,10:30:00,Completato,18.0,Contanti
2576,283,1,2026-05-27,18:30:00,Completato,18.0,Carta
2577,287,1,2026-05-27,19:00:00,Completato,18.0,Satispay
2578,262,2,2026-05-28,10:45:00,Completato,26.0,Satispay
2579,69,1,2026-05-28,15:00:00,Completato,18.0,Carta
2580,59,3,2026-05-28,16:00:00,Completato,12.0,Contanti
2581,257,1,2026-05-28,16:15:00,Completato,18.0,Contanti
2582,40,1,2026-05-28,16:45:00,Completato,18.0,Contanti
2583,102,5,2026-05-28,17:45:00,Completato,12.0,Contanti
2584,22,2,2026-05-28,18:00:00,Completato,23.4,Contanti
2585,41,1,2026-05-28,19:15:00,Completato,18.0,Carta
2586,177,2,2026-05-28,19:15:00,Completato,26.0,Satispay
2587,50,3,2026-05-29,12:00:00,Completato,12.0,Contanti
2588,82,1,2026-05-29,12:30:00,Completato,18.0,Carta
2589,231,1,2026-05-29,12:45:00,Completato,18.0,Carta
2590,180,1,2026-05-29,15:00:00,Completato,18.0,Contanti
2591,188,7,2026-05-29,15:15:00,Completato,35.0,Contanti
2592,62,6,2026-05-29,16:00:00,Completato,10.0,Carta
2593,259,1,2026-05-29,16:00:00,Completato,18.0,Carta
2594,3,5,2026-05-29,17:45:00,Completato,12.0,Satispay
2595,126,1,2026-05-29,17:45:00,Completato,18.0,Carta
2596,163,1,2026-05-29,18:00:00,Completato,18.0,Carta
2597,145,1,2026-05-29,18:15:00,Completato,18.0,Carta
2598,164,2,2026-05-30,09:30:00,Completato,26.0,Carta
2599,278,6,2026-05-30,10:30:00,Completato,10.0,Contanti
2600,261,2,2026-05-30,11:00:00,Completato,26.0,Satispay
2601,79,1,2026-05-30,11:15:00,Completato,18.0,Contanti
2602,108,1,2026-05-30,12:00:00,Completato,18.0,Satispay
2603,238,1,2026-05-30,15:15:00,Completato,18.0,Carta
2604,32,5,2026-05-30,15:30:00,Completato,9.6,Carta
2605,174,2,2026-05-30,15:45:00,Completato,26.0,Contanti
2606,243,6,2026-05-30,16:00:00,Completato,10.0,Carta
2607,246,5,2026-05-30,16:45:00,Completato,12.0,Satispay
2608,279,2,2026-05-30,17:30:00,Completato,26.0,Contanti
2609,268,3,2026-05-30,17:45:00,No-show,0.0,
2610,13,2,2026-05-30,18:15:00,Completato,26.0,Satispay
2611,184,1,2026-05-30,18:45:00,Completato,18.0,Satispay
2612,27,1,2026-05-30,19:45:00,Cancellato,0.0,
2613,237,2,2026-06-02,11:00:00,Completato,20.8,Contanti
2614,73,2,2026-06-02,11:45:00,Cancellato,0.0,
2615,300,5,2026-06-02,12:15:00,Completato,12.0,Carta
2616,200,2,2026-06-02,12:45:00,Completato,26.0,Carta
2617,84,1,2026-06-02,16:00:00,Completato,18.0,Carta
2618,66,1,2026-06-02,18:00:00,Completato,18.0,Contanti
2619,236,1,2026-06-02,19:30:00,Completato,18.0,Satispay
2620,284,3,2026-06-03,11:00:00,Completato,12.0,Satispay
2621,266,3,2026-06-03,12:00:00,Completato,12.0,Contanti
2622,286,5,2026-06-03,12:00:00,Completato,12.0,Carta
2623,4,1,2026-06-03,15:15:00,Completato,18.0,Contanti
2624,135,1,2026-06-03,17:15:00,Completato,18.0,Carta
2625,204,3,2026-06-03,17:15:00,Completato,12.0,Contanti
2626,247,2,2026-06-03,18:15:00,Completato,26.0,Carta
2627,228,1,2026-06-04,10:30:00,Completato,18.0,Contanti
2628,299,3,2026-06-04,10:30:00,Completato,12.0,Carta
2629,233,1,2026-06-04,17:30:00,Completato,18.0,Contanti
2630,292,4,2026-06-04,18:30:00,Completato,15.0,Carta
2631,26,2,2026-06-05,10:00:00,Completato,26.0,Carta
2632,45,1,2026-06-05,11:30:00,Completato,18.0,Carta
2633,88,2,2026-06-05,12:00:00,Completato,26.0,Contanti
2634,201,8,2026-06-05,12:30:00,Cancellato,0.0,
2635,235,1,2026-06-05,12:45:00,No-show,0.0,
2636,34,8,2026-06-05,15:15:00,Completato,22.0,Contanti
2637,226,2,2026-06-05,16:00:00,Completato,20.8,Contanti
2638,269,1,2026-06-05,16:45:00,Completato,18.0,Carta
2639,13,1,2026-06-05,17:30:00,Completato,18.0,Contanti
2640,289,1,2026-06-05,18:15:00,Completato,18.0,Carta
2641,255,2,2026-06-05,19:45:00,Completato,26.0,Contanti
2642,220,1,2026-06-06,09:45:00,Completato,18.0,Carta
2643,275,4,2026-06-06,10:15:00,Completato,15.0,Contanti
2644,147,1,2026-06-06,15:15:00,Completato,18.0,Carta
2645,276,1,2026-06-06,15:15:00,Completato,18.0,Carta
2646,94,2,2026-06-06,16:15:00,Cancellato,0.0,
2647,264,1,2026-06-06,17:00:00,Completato,18.0,Satispay
2648,161,3,2026-06-06,18:00:00,Completato,12.0,Carta
2649,258,1,2026-06-06,18:30:00,Completato,18.0,Carta
2650,74,2,2026-06-06,18:45:00,Completato,26.0,Contanti
2651,57,2,2026-06-06,19:45:00,Completato,26.0,Contanti
2652,116,3,2026-06-09,09:00:00,Completato,12.0,Carta
2653,137,2,2026-06-09,10:30:00,Completato,26.0,Carta
2654,196,1,2026-06-09,12:00:00,Completato,16.2,Carta
2655,182,2,2026-06-09,16:00:00,Completato,26.0,Contanti
2656,195,1,2026-06-09,17:15:00,Completato,18.0,Carta
2657,253,4,2026-06-09,17:15:00,Completato,15.0,Contanti
2658,254,3,2026-06-09,17:15:00,Completato,12.0,Satispay
2659,281,2,2026-06-09,19:30:00,Completato,26.0,Satispay
2660,234,2,2026-06-10,09:15:00,Completato,26.0,Contanti
2661,295,6,2026-06-10,11:15:00,Completato,10.0,Carta
2662,149,4,2026-06-10,15:30:00,Completato,15.0,Contanti
2663,65,1,2026-06-10,17:00:00,Completato,18.0,Satispay
2664,168,1,2026-06-10,17:15:00,Completato,18.0,Carta
2665,99,5,2026-06-10,18:15:00,Completato,12.0,Carta
2666,263,4,2026-06-10,18:15:00,Completato,15.0,Contanti
2667,229,7,2026-06-11,11:15:00,Completato,35.0,Carta
2668,213,1,2026-06-11,15:30:00,Completato,18.0,Contanti
2669,230,8,2026-06-11,15:45:00,Completato,22.0,Carta
2670,185,2,2026-06-11,17:15:00,Completato,26.0,Carta
2671,160,3,2026-06-12,10:45:00,Completato,10.8,Carta
2672,152,1,2026-06-12,17:00:00,Completato,18.0,Contanti
2673,203,5,2026-06-12,17:15:00,Completato,12.0,Contanti
2674,260,1,2026-06-12,18:30:00,Completato,18.0,Carta
2675,121,1,2026-06-12,18:45:00,Completato,18.0,Satispay
2676,245,1,2026-06-12,19:45:00,Completato,14.4,Carta
2677,51,1,2026-06-13,10:00:00,Completato,18.0,Carta
2678,232,1,2026-06-13,10:30:00,Completato,18.0,Satispay
2679,297,1,2026-06-13,10:30:00,Completato,18.0,Contanti
2680,138,2,2026-06-13,11:15:00,Completato,26.0,Contanti
2681,204,3,2026-06-13,12:00:00,Completato,12.0,Carta
2682,296,8,2026-06-13,12:00:00,Completato,22.0,Contanti
2683,215,1,2026-06-13,12:30:00,Cancellato,0.0,
2684,265,2,2026-06-13,15:15:00,Completato,26.0,Carta
2685,251,2,2026-06-13,16:00:00,Completato,26.0,Carta
2686,36,1,2026-06-13,18:30:00,Completato,18.0,Carta
2687,285,1,2026-06-13,19:00:00,Cancellato,0.0,
2688,221,4,2026-06-13,19:30:00,Completato,15.0,Contanti
2689,287,1,2026-06-16,09:30:00,Completato,18.0,Contanti
2690,76,7,2026-06-16,10:00:00,Completato,35.0,Carta
2691,280,8,2026-06-16,12:15:00,Completato,22.0,Contanti
2692,22,2,2026-06-17,10:00:00,Completato,26.0,Carta
2693,27,1,2026-06-17,12:30:00,Completato,18.0,Contanti
2694,249,1,2026-06-17,16:45:00,Completato,18.0,Carta
2695,257,1,2026-06-17,19:00:00,Completato,18.0,Carta
2696,248,4,2026-06-18,09:00:00,Completato,15.0,Carta
2697,218,5,2026-06-18,11:15:00,Cancellato,0.0,
2698,217,2,2026-06-18,11:30:00,Completato,26.0,Carta
2699,283,1,2026-06-18,11:45:00,Completato,14.4,Carta
2700,291,1,2026-06-18,17:30:00,Completato,18.0,Contanti
2701,190,4,2026-06-18,18:15:00,Completato,15.0,Carta
2702,205,3,2026-06-18,19:30:00,Completato,12.0,Carta
2703,189,8,2026-06-19,09:00:00,No-show,0.0,
2704,288,1,2026-06-19,09:45:00,Completato,18.0,Contanti
2705,212,1,2026-06-19,15:15:00,Completato,18.0,Carta
2706,153,3,2026-06-19,15:45:00,Completato,12.0,Contanti
2707,290,1,2026-06-19,16:15:00,Completato,18.0,Carta
2708,191,1,2026-06-19,18:00:00,Completato,18.0,Carta
2709,58,5,2026-06-19,19:30:00,Completato,12.0,Contanti
2710,272,1,2026-06-19,19:45:00,Completato,18.0,Satispay
2711,298,1,2026-06-20,10:00:00,Cancellato,0.0,
2712,40,1,2026-06-20,10:15:00,Completato,16.2,Contanti
2713,82,1,2026-06-20,10:30:00,Cancellato,0.0,
2714,165,2,2026-06-20,11:45:00,Completato,26.0,Contanti
2715,222,1,2026-06-20,12:00:00,Completato,18.0,Carta
2716,186,1,2026-06-20,12:30:00,Completato,18.0,Contanti
2717,32,1,2026-06-20,12:45:00,Completato,18.0,Carta
2718,240,2,2026-06-20,15:15:00,Completato,26.0,Contanti
2719,37,6,2026-06-20,15:30:00,Completato,10.0,Carta
2720,78,1,2026-06-20,16:15:00,Completato,18.0,Contanti
2721,267,1,2026-06-20,17:15:00,Completato,18.0,Contanti
2722,66,1,2026-06-20,17:45:00,Completato,18.0,Carta
2723,259,1,2026-06-20,18:45:00,Completato,18.0,Contanti
2724,242,6,2026-06-20,19:00:00,Completato,8.0,Carta
2725,81,5,2026-06-20,19:45:00,Completato,12.0,Carta
2726,173,3,2026-06-20,19:45:00,Completato,12.0,Contanti
2727,261,2,2026-06-23,10:15:00,Completato,26.0,Contanti
2728,293,2,2026-06-23,16:45:00,Completato,26.0,Carta
2729,300,3,2026-06-23,16:45:00,Completato,12.0,Carta
2730,234,2,2026-06-23,18:30:00,Completato,26.0,Contanti
2731,13,2,2026-06-23,19:15:00,Completato,26.0,Carta
2732,231,2,2026-06-24,10:45:00,Completato,26.0,Contanti
2733,72,1,2026-06-24,11:30:00,Completato,18.0,Contanti
2734,50,3,2026-06-24,16:00:00,Completato,12.0,Contanti
2735,180,1,2026-06-24,16:15:00,Completato,18.0,Contanti
2736,277,3,2026-06-24,16:15:00,Completato,12.0,Satispay
2737,123,1,2026-06-24,16:30:00,Completato,18.0,Carta
2738,45,1,2026-06-24,19:45:00,Completato,18.0,Carta
2739,5,1,2026-06-25,11:45:00,Completato,18.0,Contanti
2740,154,6,2026-06-25,12:15:00,Completato,10.0,Contanti
2741,264,2,2026-06-25,17:30:00,Completato,26.0,Carta
2742,236,1,2026-06-25,19:00:00,Completato,18.0,Carta
2743,144,3,2026-06-26,11:45:00,Completato,12.0,Contanti
2744,57,1,2026-06-26,12:30:00,Completato,18.0,Contanti
2745,30,2,2026-06-26,12:45:00,Completato,26.0,Carta
2746,294,8,2026-06-26,15:00:00,Cancellato,0.0,
2747,162,2,2026-06-26,15:30:00,Completato,26.0,Carta
2748,135,1,2026-06-26,16:15:00,No-show,0.0,
2749,228,1,2026-06-26,18:30:00,Completato,18.0,Carta
2750,97,1,2026-06-26,19:30:00,Completato,14.4,Contanti
2751,243,6,2026-06-26,19:45:00,Completato,10.0,Contanti
2752,164,2,2026-06-27,10:00:00,Completato,26.0,Carta
2753,281,2,2026-06-27,10:00:00,Completato,26.0,Satispay
2754,86,2,2026-06-27,10:15:00,Completato,26.0,Contanti
2755,142,1,2026-06-27,11:00:00,Cancellato,0.0,
2756,237,2,2026-06-27,11:15:00,Completato,26.0,Carta
2757,247,2,2026-06-27,11:15:00,Completato,20.8,Carta
2758,73,2,2026-06-27,15:00:00,Completato,26.0,Satispay
2759,301,3,2026-06-27,15:00:00,Completato,9.6,Contanti
2760,274,1,2026-06-27,17:45:00,Completato,18.0,Contanti
2761,137,2,2026-06-30,11:15:00,Completato,26.0,Contanti
2762,26,2,2026-06-30,12:15:00,Completato,26.0,Contanti
2763,286,5,2026-06-30,15:15:00,Completato,12.0,Contanti
2764,270,1,2026-06-30,16:30:00,Completato,18.0,Carta
2765,3,5,2026-06-30,17:15:00,Completato,12.0,Contanti
2766,108,2,2026-06-30,19:00:00,Completato,26.0,Carta
2767,255,2,2026-07-01,10:00:00,Completato,26.0,Contanti
2768,169,2,2026-07-01,18:00:00,Completato,23.4,Contanti
2769,311,3,2026-07-01,18:30:00,Completato,10.8,Carta
2770,208,6,2026-07-01,19:15:00,Completato,10.0,Contanti
2771,276,1,2026-07-02,11:15:00,Completato,18.0,Contanti
2772,215,1,2026-07-02,15:30:00,Completato,18.0,Contanti
2773,42,6,2026-07-02,18:00:00,Completato,9.0,Contanti
2774,253,2,2026-07-03,09:45:00,Completato,20.8,Carta
2775,225,5,2026-07-03,11:00:00,Completato,12.0,Contanti
2776,284,3,2026-07-03,16:00:00,Completato,12.0,Carta
2777,82,1,2026-07-03,18:15:00,Completato,18.0,Satispay
2778,238,8,2026-07-03,18:15:00,Completato,22.0,Contanti
2779,269,1,2026-07-03,18:45:00,Completato,18.0,Contanti
2780,103,1,2026-07-03,19:15:00,Cancellato,0.0,
2781,275,4,2026-07-03,19:30:00,Completato,15.0,Carta
2782,59,3,2026-07-04,10:00:00,Completato,12.0,Contanti
2783,84,1,2026-07-04,11:45:00,Completato,18.0,Contanti
2784,248,1,2026-07-04,12:45:00,Completato,18.0,Contanti
2785,209,2,2026-07-04,15:30:00,Completato,26.0,Carta
2786,22,1,2026-07-04,16:30:00,Completato,18.0,Satispay
2787,224,1,2026-07-04,16:30:00,Completato,18.0,Contanti
2788,314,1,2026-07-04,17:15:00,Completato,18.0,Contanti
2789,265,1,2026-07-04,17:45:00,Completato,18.0,Contanti
2790,147,1,2026-07-04,18:15:00,No-show,0.0,
2791,99,2,2026-07-07,09:00:00,Completato,26.0,Contanti
2792,51,6,2026-07-07,09:30:00,Completato,10.0,Satispay
2793,130,2,2026-07-07,11:00:00,Completato,26.0,Carta
2794,102,4,2026-07-07,12:00:00,Completato,15.0,Contanti
2795,69,1,2026-07-07,15:00:00,Completato,18.0,Contanti
2796,196,2,2026-07-07,16:00:00,Completato,26.0,Satispay
2797,149,1,2026-07-07,16:15:00,Completato,18.0,Contanti
2798,136,4,2026-07-07,18:30:00,Completato,15.0,Contanti
2799,107,1,2026-07-07,18:45:00,Completato,18.0,Satispay
2800,121,2,2026-07-07,19:30:00,Completato,26.0,Satispay
2801,126,1,2026-07-08,09:30:00,Completato,18.0,Carta
2802,184,1,2026-07-08,11:30:00,Completato,18.0,Satispay
2803,201,2,2026-07-08,12:45:00,Completato,26.0,Satispay
2804,217,2,2026-07-08,15:30:00,Completato,26.0,Carta
2805,213,2,2026-07-08,16:00:00,Cancellato,0.0,
2806,233,1,2026-07-08,16:00:00,Completato,18.0,Carta
2807,271,1,2026-07-08,18:45:00,Completato,18.0,Satispay
2808,300,3,2026-07-08,18:45:00,Completato,12.0,Contanti
2809,182,2,2026-07-08,19:30:00,Completato,26.0,Contanti
2810,221,4,2026-07-09,10:30:00,Completato,15.0,Satispay
2811,287,1,2026-07-09,17:15:00,Completato,18.0,Contanti
2812,143,3,2026-07-09,17:30:00,Completato,12.0,Contanti
2813,310,1,2026-07-09,17:30:00,Completato,18.0,Contanti
2814,312,4,2026-07-09,17:30:00,Completato,15.0,Carta
2815,254,1,2026-07-09,18:00:00,Completato,18.0,Satispay
2816,11,5,2026-07-09,18:30:00,Completato,12.0,Satispay
2817,289,1,2026-07-09,19:00:00,Completato,18.0,Satispay
2818,15,2,2026-07-09,19:45:00,Completato,26.0,Carta
2819,234,3,2026-07-10,09:30:00,Completato,12.0,Contanti
2820,171,1,2026-07-10,10:45:00,Completato,16.2,Carta
2821,168,1,2026-07-10,11:15:00,Completato,18.0,Carta
2822,249,1,2026-07-10,12:00:00,Completato,18.0,Carta
2823,309,5,2026-07-10,15:45:00,Completato,12.0,Satispay
2824,292,4,2026-07-10,16:00:00,Completato,13.5,Contanti
2825,135,1,2026-07-10,16:15:00,Completato,18.0,Contanti
2826,259,1,2026-07-10,17:45:00,Completato,18.0,Carta
2827,306,1,2026-07-10,17:45:00,Completato,18.0,Carta
2828,62,1,2026-07-10,18:00:00,Completato,18.0,Satispay
2829,158,1,2026-07-10,18:15:00,Completato,16.2,Contanti
2830,200,6,2026-07-10,18:15:00,Completato,10.0,Contanti
2831,27,1,2026-07-10,18:45:00,Completato,18.0,Carta
2832,40,1,2026-07-10,19:15:00,Completato,18.0,Carta
2833,296,8,2026-07-11,09:30:00,Completato,22.0,Carta
2834,161,3,2026-07-11,09:45:00,Completato,12.0,Contanti
2835,152,1,2026-07-11,10:00:00,Completato,18.0,Contanti
2836,203,5,2026-07-11,10:15:00,No-show,0.0,
2837,313,2,2026-07-11,11:45:00,No-show,0.0,
2838,76,4,2026-07-11,15:15:00,Completato,15.0,Contanti
2839,191,1,2026-07-11,16:00:00,Completato,18.0,Carta
2840,298,1,2026-07-11,16:15:00,Completato,18.0,Contanti
2841,295,3,2026-07-11,16:30:00,Completato,12.0,Carta
2842,307,3,2026-07-11,16:30:00,Completato,12.0,Carta
2843,280,8,2026-07-11,16:45:00,Completato,22.0,Contanti
2844,226,2,2026-07-11,17:45:00,Cancellato,0.0,
2845,4,1,2026-07-11,19:00:00,Completato,18.0,Carta
2846,145,1,2026-07-11,19:00:00,Completato,18.0,Carta
2847,273,2,2026-07-11,19:00:00,Completato,26.0,Satispay
2848,88,2,2026-07-11,19:15:00,Completato,26.0,Satispay
2849,303,2,2026-07-11,19:15:00,Completato,26.0,Contanti
2850,34,7,2026-07-11,19:45:00,Completato,35.0,Contanti
2851,74,2,2026-07-14,10:00:00,Completato,26.0,Carta
2852,258,1,2026-07-14,16:30:00,Completato,18.0,Carta
2853,304,6,2026-07-14,17:15:00,Completato,10.0,Carta
2854,262,2,2026-07-15,09:00:00,Completato,26.0,Carta
2855,266,3,2026-07-15,09:00:00,Completato,10.8,Carta
2856,281,2,2026-07-15,09:30:00,Completato,26.0,Contanti
2857,169,2,2026-07-15,11:30:00,Completato,20.8,Contanti
2858,260,1,2026-07-15,11:30:00,Completato,18.0,Satispay
2859,94,2,2026-07-15,11:45:00,Completato,26.0,Satispay
2860,282,3,2026-07-15,17:00:00,Completato,12.0,Carta
2861,283,1,2026-07-15,19:00:00,Completato,14.4,Contanti
2862,230,2,2026-07-16,10:15:00,Completato,26.0,Satispay
2863,242,6,2026-07-16,10:15:00,Completato,10.0,Carta
2864,73,2,2026-07-16,10:45:00,Completato,23.4,Carta
2865,138,4,2026-07-16,11:00:00,Completato,15.0,Satispay
2866,163,1,2026-07-16,12:30:00,Completato,18.0,Carta
2867,68,1,2026-07-16,16:30:00,Completato,18.0,Carta
2868,299,3,2026-07-16,18:30:00,Completato,10.8,Carta
2869,301,1,2026-07-16,19:15:00,Completato,18.0,Contanti
2870,22,5,2026-07-17,11:00:00,Completato,12.0,Contanti
2871,66,2,2026-07-17,12:30:00,Completato,26.0,Contanti
2872,308,2,2026-07-17,12:45:00,Completato,26.0,Contanti
2873,165,2,2026-07-17,16:15:00,Completato,26.0,Satispay
2874,204,4,2026-07-17,16:45:00,Cancellato,0.0,
2875,272,7,2026-07-17,17:15:00,Completato,28.0,Contanti
2876,290,1,2026-07-17,17:45:00,Completato,16.2,Contanti
2877,79,2,2026-07-17,18:00:00,Completato,26.0,Contanti
2878,246,5,2026-07-17,18:00:00,Completato,12.0,Carta
2879,72,1,2026-07-17,18:15:00,Completato,18.0,Contanti
2880,144,1,2026-07-17,18:45:00,Completato,18.0,Carta
2881,261,2,2026-07-18,12:30:00,Completato,26.0,Contanti
2882,305,4,2026-07-18,15:15:00,Completato,12.0,Carta
2883,241,2,2026-07-18,16:45:00,Cancellato,0.0,
2884,58,5,2026-07-18,17:00:00,Completato,10.8,Satispay
2885,275,1,2026-07-18,17:30:00,Completato,18.0,Contanti
2886,297,8,2026-07-18,17:30:00,Completato,22.0,Carta
2887,294,2,2026-07-18,19:30:00,Completato,26.0,Carta
2888,188,6,2026-07-21,09:45:00,Completato,10.0,Carta
2889,220,1,2026-07-21,12:00:00,Completato,18.0,Contanti
2890,228,1,2026-07-21,16:45:00,Completato,18.0,Contanti
2891,174,7,2026-07-21,18:00:00,Completato,35.0,Carta
2892,185,2,2026-07-22,18:15:00,Completato,20.8,Contanti
2893,285,1,2026-07-22,18:45:00,Completato,18.0,Contanti
2894,234,2,2026-07-22,19:30:00,Completato,26.0,Satispay
2895,278,6,2026-07-23,11:30:00,Completato,10.0,Carta
2896,302,3,2026-07-23,11:45:00,Completato,12.0,Carta
2897,218,8,2026-07-23,12:45:00,Completato,22.0,Contanti
2898,291,1,2026-07-23,16:45:00,Completato,18.0,Contanti
2899,41,1,2026-07-24,09:15:00,Completato,16.2,Contanti
2900,123,1,2026-07-24,09:30:00,Completato,18.0,Carta
2901,13,1,2026-07-24,09:45:00,Completato,18.0,Contanti
2902,164,2,2026-07-24,10:30:00,Cancellato,0.0,
2903,240,2,2026-07-24,10:45:00,Completato,26.0,Contanti
2904,196,2,2026-07-24,12:15:00,Completato,26.0,Carta
2905,255,2,2026-07-24,12:30:00,Completato,26.0,Carta
2906,37,6,2026-07-24,12:45:00,Completato,10.0,Contanti
2907,304,6,2026-07-24,16:00:00,Completato,10.0,Carta
2908,36,1,2026-07-24,18:15:00,Completato,18.0,Carta
2909,257,2,2026-07-25,09:00:00,No-show,0.0,
2910,32,5,2026-07-25,09:15:00,Completato,9.6,Contanti
2911,45,2,2026-07-25,09:30:00,Completato,26.0,Carta
2912,300,3,2026-07-25,10:00:00,Completato,12.0,Carta
2913,180,1,2026-07-25,10:45:00,Completato,18.0,Contanti
2914,238,8,2026-07-25,12:30:00,Cancellato,0.0,
2915,277,2,2026-07-25,15:00:00,Completato,26.0,Contanti
2916,50,3,2026-07-25,16:30:00,Completato,12.0,Contanti
2917,269,1,2026-07-25,16:30:00,Completato,18.0,Contanti
2918,116,3,2026-07-25,17:00:00,Completato,12.0,Satispay
2919,293,2,2026-07-25,17:15:00,Completato,26.0,Contanti
2920,65,1,2026-07-25,18:00:00,Completato,18.0,Contanti
2921,259,1,2026-07-25,18:45:00,Completato,18.0,Satispay
2922,84,1,2026-07-25,19:45:00,Completato,14.4,Contanti
2923,250,1,2026-07-25,19:45:00,Completato,18.0,Carta
2924,258,2,2026-07-28,15:30:00,Completato,26.0,Carta
2925,195,1,2026-07-28,17:45:00,Completato,18.0,Contanti
2926,30,2,2026-07-29,12:00:00,Completato,26.0,Carta
2927,190,4,2026-07-29,16:00:00,Completato,15.0,Carta
2928,313,2,2026-07-29,17:15:00,Completato,26.0,Carta
2929,135,1,2026-07-29,17:30:00,Completato,18.0,Carta
2930,173,3,2026-07-29,18:00:00,Completato,12.0,Carta
2931,243,6,2026-07-29,19:30:00,Completato,10.0,Contanti
2932,161,3,2026-07-30,09:45:00,Completato,12.0,Carta
2933,26,2,2026-07-30,11:00:00,Completato,26.0,Contanti
2934,215,1,2026-07-30,11:45:00,Completato,18.0,Carta
2935,294,2,2026-07-30,16:45:00,Completato,26.0,Carta
2936,99,1,2026-07-30,18:00:00,Completato,18.0,Contanti
2937,231,2,2026-07-30,18:15:00,Completato,26.0,Satispay
2938,137,2,2026-07-31,10:15:00,Completato,26.0,Contanti
2939,57,2,2026-07-31,10:45:00,Completato,26.0,Contanti
2940,62,6,2026-07-31,11:45:00,Completato,10.0,Contanti
2941,268,3,2026-07-31,12:30:00,Completato,12.0,Carta
2942,212,1,2026-07-31,12:45:00,Completato,18.0,Carta
2943,186,1,2026-07-31,15:30:00,Completato,18.0,Carta
2944,307,7,2026-07-31,15:45:00,Completato,35.0,Satispay
2945,288,1,2026-07-31,17:15:00,Completato,18.0,Carta
2946,126,1,2026-07-31,17:45:00,Completato,18.0,Contanti
2947,264,2,2026-07-31,18:30:00,Completato,23.4,Contanti
2948,153,3,2026-08-01,10:45:00,Completato,12.0,Contanti
2949,296,8,2026-08-01,10:45:00,Completato,19.8,Satispay
2950,102,5,2026-08-01,11:00:00,No-show,0.0,
2951,208,1,2026-08-01,15:45:00,Completato,18.0,Carta
2952,42,6,2026-08-01,16:15:00,Completato,10.0,Contanti
2953,286,5,2026-08-01,17:00:00,Completato,12.0,Carta
2954,232,1,2026-08-01,19:45:00,Completato,18.0,Contanti
2955,22,4,2026-08-04,12:30:00,Cancellato,0.0,
2956,280,8,2026-08-04,17:30:00,Completato,22.0,Contanti
2957,287,1,2026-08-04,18:00:00,Completato,16.2,Contanti
2958,271,1,2026-08-04,18:30:00,Cancellato,0.0,
2959,73,2,2026-08-04,19:15:00,Completato,26.0,Contanti
2960,3,5,2026-08-05,09:00:00,Completato,12.0,Contanti
2961,226,3,2026-08-05,10:00:00,Completato,12.0,Carta
2962,69,1,2026-08-05,11:30:00,Completato,18.0,Contanti
2963,78,1,2026-08-05,16:00:00,Completato,18.0,Carta
2964,142,6,2026-08-05,16:00:00,Completato,10.0,Contanti
2965,314,1,2026-08-05,18:00:00,Completato,18.0,Carta
2966,154,2,2026-08-05,18:30:00,Completato,26.0,Carta
2967,281,2,2026-08-06,09:15:00,Completato,26.0,Contanti
2968,248,4,2026-08-06,11:00:00,Completato,15.0,Carta
2969,27,1,2026-08-06,11:45:00,Completato,18.0,Satispay
2970,221,2,2026-08-06,12:00:00,Cancellato,0.0,
2971,253,1,2026-08-06,15:45:00,Completato,14.4,Carta
2972,312,4,2026-08-06,18:00:00,Completato,15.0,Contanti
2973,276,1,2026-08-06,18:15:00,Completato,18.0,Contanti
2974,242,1,2026-08-07,10:00:00,Completato,18.0,Carta
2975,298,1,2026-08-07,11:45:00,Completato,18.0,Carta
2976,257,1,2026-08-07,12:00:00,Completato,18.0,Satispay
2977,97,1,2026-08-07,12:15:00,Completato,18.0,Carta
2978,254,1,2026-08-07,12:45:00,Completato,18.0,Carta
2979,4,1,2026-08-07,15:00:00,Completato,14.4,Contanti
2980,130,1,2026-08-07,17:15:00,Completato,18.0,Carta
2981,316,1,2026-08-07,18:00:00,Completato,18.0,Contanti
2982,277,3,2026-08-07,18:30:00,Completato,12.0,Contanti
2983,217,2,2026-08-07,19:00:00,Completato,26.0,Satispay
2984,303,2,2026-08-07,19:00:00,Completato,26.0,Carta
2985,136,4,2026-08-08,09:30:00,Completato,15.0,Contanti
2986,79,2,2026-08-08,10:00:00,Completato,26.0,Contanti
2987,309,1,2026-08-08,10:15:00,Completato,18.0,Contanti
2988,315,2,2026-08-08,11:15:00,Completato,20.8,Carta
2989,301,3,2026-08-08,11:30:00,No-show,0.0,
2990,191,1,2026-08-08,12:45:00,Completato,18.0,Carta
2991,233,7,2026-08-08,16:00:00,Completato,35.0,Carta
2992,84,2,2026-08-08,16:30:00,Cancellato,0.0,
2993,144,1,2026-08-08,17:45:00,Completato,18.0,Satispay
2994,147,1,2026-08-08,18:15:00,Completato,18.0,Satispay
2995,317,2,2026-08-08,18:30:00,Completato,26.0,Carta
2996,204,3,2026-08-08,18:45:00,Completato,12.0,Contanti
2997,40,1,2026-08-11,10:00:00,Completato,18.0,Carta
2998,200,1,2026-08-11,10:30:00,Completato,18.0,Carta
2999,246,1,2026-08-12,10:45:00,Completato,18.0,Satispay
3000,274,1,2026-08-12,12:00:00,Completato,18.0,Carta
3001,108,1,2026-08-12,16:00:00,Completato,18.0,Satispay
3002,168,1,2026-08-12,17:30:00,Completato,18.0,Carta
3003,265,2,2026-08-12,19:00:00,Completato,26.0,Contanti
3004,203,5,2026-08-13,09:00:00,Completato,12.0,Carta
3005,284,3,2026-08-13,10:00:00,Completato,12.0,Carta
3006,160,3,2026-08-13,10:45:00,Completato,12.0,Satispay
3007,32,1,2026-08-13,15:45:00,Completato,18.0,Contanti
3008,249,1,2026-08-13,16:45:00,Completato,18.0,Carta
3009,215,1,2026-08-13,17:15:00,No-show,0.0,
3010,266,1,2026-08-14,10:00:00,Completato,18.0,Carta
3011,137,2,2026-08-14,10:45:00,Completato,26.0,Satispay
3012,145,1,2026-08-14,12:15:00,Completato,18.0,Carta
3013,81,1,2026-08-14,17:45:00,Completato,18.0,Contanti
3014,165,2,2026-08-14,18:00:00,Completato,26.0,Carta
3015,188,7,2026-08-14,19:00:00,Completato,35.0,Contanti
3016,283,1,2026-08-15,09:15:00,Completato,18.0,Carta
3017,269,1,2026-08-15,09:30:00,Completato,18.0,Contanti
3018,261,2,2026-08-15,16:00:00,Completato,26.0,Contanti
3019,295,6,2026-08-15,16:30:00,Cancellato,0.0,
3020,153,3,2026-08-15,16:45:00,Completato,12.0,Satispay
3021,121,2,2026-08-15,18:15:00,Completato,26.0,Contanti
3022,51,6,2026-08-15,19:30:00,Completato,10.0,Satispay
